stat_name,home_value,away_value,category,tip_id,home_possession,home_advantage,away_possession,away_advantage,match_id
Possession %,41.3,58.7,general,,,,,,nshvsmia-10-18-2025
Shots,14,18,general,,,,,,nshvsmia-10-18-2025
Shots on Goal,7,9,general,,,,,,nshvsmia-10-18-2025
Blocked Shots,3,2,general,,,,,,nshvsmia-10-18-2025
Total Passes,428,640,general,,,,,,nshvsmia-10-18-2025
Passing Accuracy %,87.4,92,general,,,,,,nshvsmia-10-18-2025
Corners,6,3,general,,,,,,nshvsmia-10-18-2025
Total Crosses,6,8,general,,,,,,nshvsmia-10-18-2025
Offsides,3,4,general,,,,,,nshvsmia-10-18-2025
Aerial Duels Won,7,6,general,,,,,,nshvsmia-10-18-2025
Expected Goals,3.3,5.3,general,,,,,,nshvsmia-10-18-2025
Goalkeeper Saves,4,5,general,,,,,,nshvsmia-10-18-2025
Clearances,4,5,general,,,,,,nshvsmia-10-18-2025
Fouls,10,7,general,,,,,,nshvsmia-10-18-2025
Yellow Cards,1,2,general,,,,,,nshvsmia-10-18-2025
Red Cards,0,0,general,,,,,,nshvsmia-10-18-2025
Overall %,87.4,92,general,,,,,,nshvsmia-10-18-2025
Open Play Pass %,86.8,91.9,general,,,,,,nshvsmia-10-18-2025
Set Piece Cross %,60,0,general,,,,,,nshvsmia-10-18-2025
Open Play Cross %,16.7,0,general,,,,,,nshvsmia-10-18-2025
Goals,2,5,general,,,,,,nshvsmia-10-18-2025
On Target,7,9,general,,,,,,nshvsmia-10-18-2025
Off Target,12,13,general,,,,,,nshvsmia-10-18-2025
Blocked,3,2,general,,,,,,nshvsmia-10-18-2025
Goals Conceded,5,2,general,,,,,,nshvsmia-10-18-2025
Shots Against,14,18,general,,,,,,nshvsmia-10-18-2025
Clean Sheets,0,0,general,,,,,,nshvsmia-10-18-2025
XG Conceded,5.3,3.3,general,,,,,,nshvsmia-10-18-2025
Interceptions,0,2,general,,,,,,nshvsmia-10-18-2025
Goals,2,5,shooting,,,,,,nshvsmia-10-18-2025
On Target,7,9,shooting,,,,,,nshvsmia-10-18-2025
Off Target,3,5,shooting,,,,,,nshvsmia-10-18-2025
Blocked,3,2,shooting,,,,,,nshvsmia-10-18-2025
Overall %,87.4,92,passing,,,,,,nshvsmia-10-18-2025
Open Play Pass %,86.8,91.9,passing,,,,,,nshvsmia-10-18-2025
Set Piece Cross %,60,0,passing,,,,,,nshvsmia-10-18-2025
Open Play Cross %,16.7,0,passing,,,,,,nshvsmia-10-18-2025
,,,possession,bar_0,Home Possession: 49.1%,Home Advantage: N/A,Away Possession: 50.9%,Away Advantage: 1.8%,nshvsmia-10-18-2025
,,,possession,bar_1,Home Possession: 32.84%,Home Advantage: N/A,Away Possession: 67.16%,Away Advantage: 34.32%,nshvsmia-10-18-2025
,,,possession,bar_2,Home Possession: 56.26%,Home Advantage: 12.52%,Away Possession: 43.74%,Away Advantage: N/A,nshvsmia-10-18-2025
,,,possession,bar_3,Home Possession: 51.55%,Home Advantage: 3.1%,Away Possession: 48.45%,Away Advantage: N/A,nshvsmia-10-18-2025
,,,possession,bar_4,Home Possession: 21.46%,Home Advantage: N/A,Away Possession: 78.54%,Away Advantage: 57.08%,nshvsmia-10-18-2025
,,,possession,bar_5,Home Possession: 47.01%,Home Advantage: N/A,Away Possession: 52.99%,Away Advantage: 5.98%,nshvsmia-10-18-2025
,,,possession,bar_6,Home Possession: 19.29%,Home Advantage: N/A,Away Possession: 80.71%,Away Advantage: 61.42%,nshvsmia-10-18-2025
,,,possession,bar_7,Home Possession: 36.68%,Home Advantage: N/A,Away Possession: 63.32%,Away Advantage: 26.64%,nshvsmia-10-18-2025
,,,possession,bar_8,Home Possession: 46.35%,Home Advantage: N/A,Away Possession: 53.65%,Away Advantage: 7.3%,nshvsmia-10-18-2025
,,,possession,bar_2_0,Home Possession: 33.23%,Home Advantage: N/A,Away Possession: 66.77%,Away Advantage: 33.54%,nshvsmia-10-18-2025
,,,possession,bar_2_1,Home Possession: 30.54%,Home Advantage: N/A,Away Possession: 69.46%,Away Advantage: 38.92%,nshvsmia-10-18-2025
,,,possession,bar_2_2,Home Possession: 43.59%,Home Advantage: N/A,Away Possession: 56.41%,Away Advantage: 12.82%,nshvsmia-10-18-2025
,,,possession,bar_2_3,Home Possession: 53.7%,Home Advantage: 7.4%,Away Possession: 46.3%,Away Advantage: N/A,nshvsmia-10-18-2025
,,,possession,bar_2_4,Home Possession: 9.11%,Home Advantage: N/A,Away Possession: 90.89%,Away Advantage: 81.78%,nshvsmia-10-18-2025
,,,possession,bar_2_5,Home Possession: 42.21%,Home Advantage: N/A,Away Possession: 57.79%,Away Advantage: 15.58%,nshvsmia-10-18-2025
,,,possession,bar_2_6,Home Possession: 60.72%,Home Advantage: 21.44%,Away Possession: 39.28%,Away Advantage: N/A,nshvsmia-10-18-2025
,,,possession,bar_2_7,Home Possession: 46.78%,Home Advantage: N/A,Away Possession: 53.22%,Away Advantage: 6.44%,nshvsmia-10-18-2025
,,,possession,bar_2_8,Home Possession: 40.93%,Home Advantage: N/A,Away Possession: 59.07%,Away Advantage: 18.14%,nshvsmia-10-18-2025
Total Team XG,3.3,5.3,xg,,,,,,nshvsmia-10-18-2025
Shots,14,18,xg,,,,,,nshvsmia-10-18-2025
Shots On Target,7,9,xg,,,,,,nshvsmia-10-18-2025
Possession %,56,44,general,,,,,,colvslafc-10-18-2025
Shots,13,17,general,,,,,,colvslafc-10-18-2025
Shots on Goal,3,9,general,,,,,,colvslafc-10-18-2025
Blocked Shots,5,3,general,,,,,,colvslafc-10-18-2025
Total Passes,564,510,general,,,,,,colvslafc-10-18-2025
Passing Accuracy %,87.1,84.5,general,,,,,,colvslafc-10-18-2025
Corners,6,5,general,,,,,,colvslafc-10-18-2025
Total Crosses,8,3,general,,,,,,colvslafc-10-18-2025
Offsides,3,1,general,,,,,,colvslafc-10-18-2025
Aerial Duels Won,15,15,general,,,,,,colvslafc-10-18-2025
Expected Goals,0.9,1.7,general,,,,,,colvslafc-10-18-2025
Goalkeeper Saves,7,1,general,,,,,,colvslafc-10-18-2025
Clearances,5,6,general,,,,,,colvslafc-10-18-2025
Fouls,6,11,general,,,,,,colvslafc-10-18-2025
Yellow Cards,3,3,general,,,,,,colvslafc-10-18-2025
Red Cards,0,0,general,,,,,,colvslafc-10-18-2025
Overall %,87.1,84.5,general,,,,,,colvslafc-10-18-2025
Open Play Pass %,87.8,85.5,general,,,,,,colvslafc-10-18-2025
Set Piece Cross %,0,50,general,,,,,,colvslafc-10-18-2025
Open Play Cross %,50,66.7,general,,,,,,colvslafc-10-18-2025
Goals,2,2,general,,,,,,colvslafc-10-18-2025
On Target,3,9,general,,,,,,colvslafc-10-18-2025
Off Target,11,15,general,,,,,,colvslafc-10-18-2025
Blocked,5,3,general,,,,,,colvslafc-10-18-2025
Goals Conceded,2,2,general,,,,,,colvslafc-10-18-2025
Shots Against,13,17,general,,,,,,colvslafc-10-18-2025
Clean Sheets,0,0,general,,,,,,colvslafc-10-18-2025
XG Conceded,1.7,0.9,general,,,,,,colvslafc-10-18-2025
Interceptions,0,3,general,,,,,,colvslafc-10-18-2025
Goals,2,2,shooting,,,,,,colvslafc-10-18-2025
On Target,3,9,shooting,,,,,,colvslafc-10-18-2025
Off Target,4,4,shooting,,,,,,colvslafc-10-18-2025
Blocked,5,3,shooting,,,,,,colvslafc-10-18-2025
Overall %,87.1,84.5,passing,,,,,,colvslafc-10-18-2025
Open Play Pass %,87.8,85.5,passing,,,,,,colvslafc-10-18-2025
Set Piece Cross %,0,50,passing,,,,,,colvslafc-10-18-2025
Open Play Cross %,50,66.7,passing,,,,,,colvslafc-10-18-2025
,,,possession,bar_0,Home Possession: 52.41%,Home Advantage: 4.82%,Away Possession: 47.59%,Away Advantage: N/A,colvslafc-10-18-2025
,,,possession,bar_1,Home Possession: 59.86%,Home Advantage: 19.72%,Away Possession: 40.14%,Away Advantage: N/A,colvslafc-10-18-2025
,,,possession,bar_2,Home Possession: 42.47%,Home Advantage: N/A,Away Possession: 57.53%,Away Advantage: 15.06%,colvslafc-10-18-2025
,,,possession,bar_3,Home Possession: 57.11%,Home Advantage: 14.22%,Away Possession: 42.89%,Away Advantage: N/A,colvslafc-10-18-2025
,,,possession,bar_4,Home Possession: 65.16%,Home Advantage: 30.32%,Away Possession: 34.84%,Away Advantage: N/A,colvslafc-10-18-2025
,,,possession,bar_5,Home Possession: 61.28%,Home Advantage: 22.56%,Away Possession: 38.72%,Away Advantage: N/A,colvslafc-10-18-2025
,,,possession,bar_6,Home Possession: 68.62%,Home Advantage: 37.24%,Away Possession: 31.38%,Away Advantage: N/A,colvslafc-10-18-2025
,,,possession,bar_7,Home Possession: 40.84%,Home Advantage: N/A,Away Possession: 59.16%,Away Advantage: 18.32%,colvslafc-10-18-2025
,,,possession,bar_8,Home Possession: 72.48%,Home Advantage: 44.96%,Away Possession: 27.52%,Away Advantage: N/A,colvslafc-10-18-2025
,,,possession,bar_2_0,Home Possession: 43.03%,Home Advantage: N/A,Away Possession: 56.97%,Away Advantage: 13.94%,colvslafc-10-18-2025
,,,possession,bar_2_1,Home Possession: 54.82%,Home Advantage: 9.64%,Away Possession: 45.18%,Away Advantage: N/A,colvslafc-10-18-2025
,,,possession,bar_2_2,Home Possession: 62.24%,Home Advantage: 24.48%,Away Possession: 37.76%,Away Advantage: N/A,colvslafc-10-18-2025
,,,possession,bar_2_3,Home Possession: 51.98%,Home Advantage: 3.96%,Away Possession: 48.02%,Away Advantage: N/A,colvslafc-10-18-2025
,,,possession,bar_2_4,Home Possession: 47.3%,Home Advantage: N/A,Away Possession: 52.7%,Away Advantage: 5.4%,colvslafc-10-18-2025
,,,possession,bar_2_5,Home Possession: 64.6%,Home Advantage: 29.2%,Away Possession: 35.4%,Away Advantage: N/A,colvslafc-10-18-2025
,,,possession,bar_2_6,Home Possession: 68.29%,Home Advantage: 36.58%,Away Possession: 31.71%,Away Advantage: N/A,colvslafc-10-18-2025
,,,possession,bar_2_7,Home Possession: 30.8%,Home Advantage: N/A,Away Possession: 69.2%,Away Advantage: 38.4%,colvslafc-10-18-2025
,,,possession,bar_2_8,Home Possession: 65.68%,Home Advantage: 31.36%,Away Possession: 34.32%,Away Advantage: N/A,colvslafc-10-18-2025
Total Team XG,0.9,1.7,xg,,,,,,colvslafc-10-18-2025
Shots,13,17,xg,,,,,,colvslafc-10-18-2025
Shots On Target,3,9,xg,,,,,,colvslafc-10-18-2025
Possession %,48.3,51.8,general,,,,,,atlvsdc-10-18-2025
Shots,14,10,general,,,,,,atlvsdc-10-18-2025
Shots on Goal,7,4,general,,,,,,atlvsdc-10-18-2025
Blocked Shots,3,5,general,,,,,,atlvsdc-10-18-2025
Total Passes,471,447,general,,,,,,atlvsdc-10-18-2025
Passing Accuracy %,84.3,81.4,general,,,,,,atlvsdc-10-18-2025
Corners,8,5,general,,,,,,atlvsdc-10-18-2025
Total Crosses,11,7,general,,,,,,atlvsdc-10-18-2025
Offsides,3,2,general,,,,,,atlvsdc-10-18-2025
Aerial Duels Won,13,12,general,,,,,,atlvsdc-10-18-2025
Expected Goals,1.7,1,general,,,,,,atlvsdc-10-18-2025
Goalkeeper Saves,3,5,general,,,,,,atlvsdc-10-18-2025
Clearances,7,6,general,,,,,,atlvsdc-10-18-2025
Fouls,12,17,general,,,,,,atlvsdc-10-18-2025
Yellow Cards,0,4,general,,,,,,atlvsdc-10-18-2025
Red Cards,0,0,general,,,,,,atlvsdc-10-18-2025
Overall %,84.3,81.4,general,,,,,,atlvsdc-10-18-2025
Open Play Pass %,84,82,general,,,,,,atlvsdc-10-18-2025
Set Piece Cross %,28.6,0,general,,,,,,atlvsdc-10-18-2025
Open Play Cross %,9.1,14.3,general,,,,,,atlvsdc-10-18-2025
Goals,1,1,general,,,,,,atlvsdc-10-18-2025
On Target,7,4,general,,,,,,atlvsdc-10-18-2025
Off Target,13,9,general,,,,,,atlvsdc-10-18-2025
Blocked,3,5,general,,,,,,atlvsdc-10-18-2025
Goals Conceded,1,1,general,,,,,,atlvsdc-10-18-2025
Shots Against,14,10,general,,,,,,atlvsdc-10-18-2025
Clean Sheets,0,0,general,,,,,,atlvsdc-10-18-2025
XG Conceded,1,1.7,general,,,,,,atlvsdc-10-18-2025
Interceptions,3,5,general,,,,,,atlvsdc-10-18-2025
Goals,1,1,shooting,,,,,,atlvsdc-10-18-2025
On Target,7,4,shooting,,,,,,atlvsdc-10-18-2025
Off Target,4,1,shooting,,,,,,atlvsdc-10-18-2025
Blocked,3,5,shooting,,,,,,atlvsdc-10-18-2025
Overall %,84.3,81.4,passing,,,,,,atlvsdc-10-18-2025
Open Play Pass %,84,82,passing,,,,,,atlvsdc-10-18-2025
Set Piece Cross %,28.6,0,passing,,,,,,atlvsdc-10-18-2025
Open Play Cross %,9.1,14.3,passing,,,,,,atlvsdc-10-18-2025
,,,possession,bar_0,Home Possession: 52.71%,Home Advantage: 5.42%,Away Possession: 47.29%,Away Advantage: N/A,atlvsdc-10-18-2025
,,,possession,bar_1,Home Possession: 60.28%,Home Advantage: 20.56%,Away Possession: 39.72%,Away Advantage: N/A,atlvsdc-10-18-2025
,,,possession,bar_2,Home Possession: 39.85%,Home Advantage: N/A,Away Possession: 60.15%,Away Advantage: 20.3%,atlvsdc-10-18-2025
,,,possession,bar_3,Home Possession: 46.82%,Home Advantage: N/A,Away Possession: 53.18%,Away Advantage: 6.36%,atlvsdc-10-18-2025
,,,possession,bar_4,Home Possession: 51.36%,Home Advantage: 2.72%,Away Possession: 48.64%,Away Advantage: N/A,atlvsdc-10-18-2025
,,,possession,bar_5,Home Possession: 44.47%,Home Advantage: N/A,Away Possession: 55.53%,Away Advantage: 11.06%,atlvsdc-10-18-2025
,,,possession,bar_6,Home Possession: 56.28%,Home Advantage: 12.56%,Away Possession: 43.72%,Away Advantage: N/A,atlvsdc-10-18-2025
,,,possession,bar_7,Home Possession: 37.31%,Home Advantage: N/A,Away Possession: 62.69%,Away Advantage: 25.38%,atlvsdc-10-18-2025
,,,possession,bar_8,Home Possession: 40.85%,Home Advantage: N/A,Away Possession: 59.15%,Away Advantage: 18.3%,atlvsdc-10-18-2025
,,,possession,bar_2_0,Home Possession: 38.06%,Home Advantage: N/A,Away Possession: 61.94%,Away Advantage: 23.88%,atlvsdc-10-18-2025
,,,possession,bar_2_1,Home Possession: 67.88%,Home Advantage: 35.76%,Away Possession: 32.12%,Away Advantage: N/A,atlvsdc-10-18-2025
,,,possession,bar_2_2,Home Possession: 45.47%,Home Advantage: N/A,Away Possession: 54.53%,Away Advantage: 9.06%,atlvsdc-10-18-2025
,,,possession,bar_2_3,Home Possession: 50.47%,Home Advantage: 0.94%,Away Possession: 49.53%,Away Advantage: N/A,atlvsdc-10-18-2025
,,,possession,bar_2_4,Home Possession: 75.63%,Home Advantage: 51.26%,Away Possession: 24.37%,Away Advantage: N/A,atlvsdc-10-18-2025
,,,possession,bar_2_5,Home Possession: 36.22%,Home Advantage: N/A,Away Possession: 63.78%,Away Advantage: 27.56%,atlvsdc-10-18-2025
,,,possession,bar_2_6,Home Possession: 59.51%,Home Advantage: 19.02%,Away Possession: 40.49%,Away Advantage: N/A,atlvsdc-10-18-2025
,,,possession,bar_2_7,Home Possession: 36.36%,Home Advantage: N/A,Away Possession: 63.64%,Away Advantage: 27.28%,atlvsdc-10-18-2025
,,,possession,bar_2_8,Home Possession: 52.79%,Home Advantage: 5.58%,Away Possession: 47.21%,Away Advantage: N/A,atlvsdc-10-18-2025
Total Team XG,1.7,1,xg,,,,,,atlvsdc-10-18-2025
Shots,14,10,xg,,,,,,atlvsdc-10-18-2025
Shots On Target,7,4,xg,,,,,,atlvsdc-10-18-2025
Possession %,64.2,35.8,general,,,,,,vanvsdal-10-18-2025
Shots,18,11,general,,,,,,vanvsdal-10-18-2025
Shots on Goal,7,7,general,,,,,,vanvsdal-10-18-2025
Blocked Shots,6,2,general,,,,,,vanvsdal-10-18-2025
Total Passes,609,294,general,,,,,,vanvsdal-10-18-2025
Passing Accuracy %,87.8,72.8,general,,,,,,vanvsdal-10-18-2025
Corners,8,6,general,,,,,,vanvsdal-10-18-2025
Total Crosses,11,3,general,,,,,,vanvsdal-10-18-2025
Offsides,0,1,general,,,,,,vanvsdal-10-18-2025
Aerial Duels Won,17,10,general,,,,,,vanvsdal-10-18-2025
Expected Goals,1.9,1.4,general,,,,,,vanvsdal-10-18-2025
Goalkeeper Saves,5,6,general,,,,,,vanvsdal-10-18-2025
Clearances,5,15,general,,,,,,vanvsdal-10-18-2025
Fouls,11,17,general,,,,,,vanvsdal-10-18-2025
Yellow Cards,1,4,general,,,,,,vanvsdal-10-18-2025
Red Cards,1,0,general,,,,,,vanvsdal-10-18-2025
Overall %,87.8,72.8,general,,,,,,vanvsdal-10-18-2025
Open Play Pass %,87.9,73.8,general,,,,,,vanvsdal-10-18-2025
Set Piece Cross %,22.2,33.3,general,,,,,,vanvsdal-10-18-2025
Open Play Cross %,45.5,66.7,general,,,,,,vanvsdal-10-18-2025
Goals,1,2,general,,,,,,vanvsdal-10-18-2025
On Target,7,7,general,,,,,,vanvsdal-10-18-2025
Off Target,17,9,general,,,,,,vanvsdal-10-18-2025
Blocked,6,2,general,,,,,,vanvsdal-10-18-2025
Goals Conceded,2,1,general,,,,,,vanvsdal-10-18-2025
Shots Against,18,11,general,,,,,,vanvsdal-10-18-2025
Clean Sheets,0,0,general,,,,,,vanvsdal-10-18-2025
XG Conceded,1.4,1.9,general,,,,,,vanvsdal-10-18-2025
Interceptions,1,3,general,,,,,,vanvsdal-10-18-2025
Goals,1,2,shooting,,,,,,vanvsdal-10-18-2025
On Target,7,7,shooting,,,,,,vanvsdal-10-18-2025
Off Target,2,2,shooting,,,,,,vanvsdal-10-18-2025
Blocked,6,2,shooting,,,,,,vanvsdal-10-18-2025
Overall %,87.8,72.8,passing,,,,,,vanvsdal-10-18-2025
Open Play Pass %,87.9,73.8,passing,,,,,,vanvsdal-10-18-2025
Set Piece Cross %,22.2,33.3,passing,,,,,,vanvsdal-10-18-2025
Open Play Cross %,45.5,66.7,passing,,,,,,vanvsdal-10-18-2025
,,,possession,bar_0,Home Possession: 61.23%,Home Advantage: 22.46%,Away Possession: 38.77%,Away Advantage: N/A,vanvsdal-10-18-2025
,,,possession,bar_1,Home Possession: 80.4%,Home Advantage: 60.8%,Away Possession: 19.6%,Away Advantage: N/A,vanvsdal-10-18-2025
,,,possession,bar_2,Home Possession: 33.04%,Home Advantage: N/A,Away Possession: 66.96%,Away Advantage: 33.92%,vanvsdal-10-18-2025
,,,possession,bar_3,Home Possession: 65.1%,Home Advantage: 30.2%,Away Possession: 34.9%,Away Advantage: N/A,vanvsdal-10-18-2025
,,,possession,bar_4,Home Possession: 61.56%,Home Advantage: 23.12%,Away Possession: 38.44%,Away Advantage: N/A,vanvsdal-10-18-2025
,,,possession,bar_5,Home Possession: 61.76%,Home Advantage: 23.52%,Away Possession: 38.24%,Away Advantage: N/A,vanvsdal-10-18-2025
,,,possession,bar_6,Home Possession: 80.86%,Home Advantage: 61.72%,Away Possession: 19.14%,Away Advantage: N/A,vanvsdal-10-18-2025
,,,possession,bar_7,Home Possession: 33.65%,Home Advantage: N/A,Away Possession: 66.35%,Away Advantage: 32.7%,vanvsdal-10-18-2025
,,,possession,bar_8,Home Possession: 68.29%,Home Advantage: 36.58%,Away Possession: 31.71%,Away Advantage: N/A,vanvsdal-10-18-2025
,,,possession,bar_2_0,Home Possession: 67.92%,Home Advantage: 35.84%,Away Possession: 32.08%,Away Advantage: N/A,vanvsdal-10-18-2025
,,,possession,bar_2_1,Home Possession: 70.49%,Home Advantage: 40.98%,Away Possession: 29.51%,Away Advantage: N/A,vanvsdal-10-18-2025
,,,possession,bar_2_2,Home Possession: 50.91%,Home Advantage: 1.82%,Away Possession: 49.09%,Away Advantage: N/A,vanvsdal-10-18-2025
,,,possession,bar_2_3,Home Possession: 71.69%,Home Advantage: 43.38%,Away Possession: 28.31%,Away Advantage: N/A,vanvsdal-10-18-2025
,,,possession,bar_2_4,Home Possession: 74.54%,Home Advantage: 49.08%,Away Possession: 25.46%,Away Advantage: N/A,vanvsdal-10-18-2025
,,,possession,bar_2_5,Home Possession: 76.74%,Home Advantage: 53.48%,Away Possession: 23.26%,Away Advantage: N/A,vanvsdal-10-18-2025
,,,possession,bar_2_6,Home Possession: 52.89%,Home Advantage: 5.78%,Away Possession: 47.11%,Away Advantage: N/A,vanvsdal-10-18-2025
,,,possession,bar_2_7,Home Possession: 67.94%,Home Advantage: 35.88%,Away Possession: 32.06%,Away Advantage: N/A,vanvsdal-10-18-2025
,,,possession,bar_2_8,Home Possession: 54.99%,Home Advantage: 9.98%,Away Possession: 45.01%,Away Advantage: N/A,vanvsdal-10-18-2025
Total Team XG,1.9,1.3,xg,,,,,,vanvsdal-10-18-2025
Shots,18,11,xg,,,,,,vanvsdal-10-18-2025
Shots On Target,7,7,xg,,,,,,vanvsdal-10-18-2025
Possession %,43.4,56.6,general,,,,,,torvsorl-10-18-2025
Shots,12,31,general,,,,,,torvsorl-10-18-2025
Shots on Goal,6,10,general,,,,,,torvsorl-10-18-2025
Blocked Shots,4,12,general,,,,,,torvsorl-10-18-2025
Total Passes,339,534,general,,,,,,torvsorl-10-18-2025
Passing Accuracy %,81.4,87.3,general,,,,,,torvsorl-10-18-2025
Corners,2,8,general,,,,,,torvsorl-10-18-2025
Total Crosses,6,10,general,,,,,,torvsorl-10-18-2025
Offsides,2,3,general,,,,,,torvsorl-10-18-2025
Aerial Duels Won,10,13,general,,,,,,torvsorl-10-18-2025
Expected Goals,2,3.1,general,,,,,,torvsorl-10-18-2025
Goalkeeper Saves,8,2,general,,,,,,torvsorl-10-18-2025
Clearances,5,1,general,,,,,,torvsorl-10-18-2025
Fouls,17,17,general,,,,,,torvsorl-10-18-2025
Yellow Cards,4,2,general,,,,,,torvsorl-10-18-2025
Red Cards,0,0,general,,,,,,torvsorl-10-18-2025
Overall %,81.4,87.3,general,,,,,,torvsorl-10-18-2025
Open Play Pass %,83.7,86.9,general,,,,,,torvsorl-10-18-2025
Set Piece Cross %,25,50,general,,,,,,torvsorl-10-18-2025
Open Play Cross %,50,10,general,,,,,,torvsorl-10-18-2025
Goals,4,2,general,,,,,,torvsorl-10-18-2025
On Target,6,10,general,,,,,,torvsorl-10-18-2025
Off Target,8,29,general,,,,,,torvsorl-10-18-2025
Blocked,4,12,general,,,,,,torvsorl-10-18-2025
Goals Conceded,2,4,general,,,,,,torvsorl-10-18-2025
Shots Against,12,31,general,,,,,,torvsorl-10-18-2025
Clean Sheets,0,0,general,,,,,,torvsorl-10-18-2025
XG Conceded,3.1,2,general,,,,,,torvsorl-10-18-2025
Interceptions,0,1,general,,,,,,torvsorl-10-18-2025
Goals,4,2,shooting,,,,,,torvsorl-10-18-2025
On Target,6,10,shooting,,,,,,torvsorl-10-18-2025
Off Target,2,7,shooting,,,,,,torvsorl-10-18-2025
Blocked,4,12,shooting,,,,,,torvsorl-10-18-2025
Overall %,81.4,87.3,passing,,,,,,torvsorl-10-18-2025
Open Play Pass %,83.7,86.9,passing,,,,,,torvsorl-10-18-2025
Set Piece Cross %,25,50,passing,,,,,,torvsorl-10-18-2025
Open Play Cross %,50,10,passing,,,,,,torvsorl-10-18-2025
,,,possession,bar_0,Home Possession: 64.67%,Home Advantage: 29.34%,Away Possession: 35.33%,Away Advantage: N/A,torvsorl-10-18-2025
,,,possession,bar_1,Home Possession: 49.75%,Home Advantage: N/A,Away Possession: 50.25%,Away Advantage: 0.5%,torvsorl-10-18-2025
,,,possession,bar_2,Home Possession: 37.56%,Home Advantage: N/A,Away Possession: 62.44%,Away Advantage: 24.88%,torvsorl-10-18-2025
,,,possession,bar_3,Home Possession: 29.89%,Home Advantage: N/A,Away Possession: 70.11%,Away Advantage: 40.22%,torvsorl-10-18-2025
,,,possession,bar_4,Home Possession: 41.2%,Home Advantage: N/A,Away Possession: 58.8%,Away Advantage: 17.6%,torvsorl-10-18-2025
,,,possession,bar_5,Home Possession: 43.7%,Home Advantage: N/A,Away Possession: 56.3%,Away Advantage: 12.6%,torvsorl-10-18-2025
,,,possession,bar_6,Home Possession: 12.97%,Home Advantage: N/A,Away Possession: 87.03%,Away Advantage: 74.06%,torvsorl-10-18-2025
,,,possession,bar_7,Home Possession: 62.92%,Home Advantage: 25.84%,Away Possession: 37.08%,Away Advantage: N/A,torvsorl-10-18-2025
,,,possession,bar_8,Home Possession: 67.9%,Home Advantage: 35.8%,Away Possession: 32.1%,Away Advantage: N/A,torvsorl-10-18-2025
,,,possession,bar_2_0,Home Possession: 26.88%,Home Advantage: N/A,Away Possession: 73.12%,Away Advantage: 46.24%,torvsorl-10-18-2025
,,,possession,bar_2_1,Home Possession: 40.38%,Home Advantage: N/A,Away Possession: 59.62%,Away Advantage: 19.24%,torvsorl-10-18-2025
,,,possession,bar_2_2,Home Possession: 43.99%,Home Advantage: N/A,Away Possession: 56.01%,Away Advantage: 12.02%,torvsorl-10-18-2025
,,,possession,bar_2_3,Home Possession: 57.21%,Home Advantage: 14.42%,Away Possession: 42.79%,Away Advantage: N/A,torvsorl-10-18-2025
,,,possession,bar_2_4,Home Possession: 54.96%,Home Advantage: 9.92%,Away Possession: 45.04%,Away Advantage: N/A,torvsorl-10-18-2025
,,,possession,bar_2_5,Home Possession: 37.08%,Home Advantage: N/A,Away Possession: 62.92%,Away Advantage: 25.84%,torvsorl-10-18-2025
,,,possession,bar_2_6,Home Possession: 63.88%,Home Advantage: 27.76%,Away Possession: 36.12%,Away Advantage: N/A,torvsorl-10-18-2025
,,,possession,bar_2_7,Home Possession: 21.61%,Home Advantage: N/A,Away Possession: 78.39%,Away Advantage: 56.78%,torvsorl-10-18-2025
,,,possession,bar_2_8,Home Possession: 23.01%,Home Advantage: N/A,Away Possession: 76.99%,Away Advantage: 53.98%,torvsorl-10-18-2025
Total Team XG,2,3.1,xg,,,,,,torvsorl-10-18-2025
Shots,12,31,xg,,,,,,torvsorl-10-18-2025
Shots On Target,6,10,xg,,,,,,torvsorl-10-18-2025
Possession %,55.9,44.1,general,,,,,,clbvsrbny-10-18-2025
Shots,13,8,general,,,,,,clbvsrbny-10-18-2025
Shots on Goal,6,3,general,,,,,,clbvsrbny-10-18-2025
Blocked Shots,4,2,general,,,,,,clbvsrbny-10-18-2025
Total Passes,562,411,general,,,,,,clbvsrbny-10-18-2025
Passing Accuracy %,83.8,79.6,general,,,,,,clbvsrbny-10-18-2025
Corners,4,1,general,,,,,,clbvsrbny-10-18-2025
Total Crosses,6,3,general,,,,,,clbvsrbny-10-18-2025
Offsides,3,3,general,,,,,,clbvsrbny-10-18-2025
Aerial Duels Won,13,17,general,,,,,,clbvsrbny-10-18-2025
Expected Goals,1.9,0.7,general,,,,,,clbvsrbny-10-18-2025
Goalkeeper Saves,2,3,general,,,,,,clbvsrbny-10-18-2025
Clearances,5,9,general,,,,,,clbvsrbny-10-18-2025
Fouls,8,11,general,,,,,,clbvsrbny-10-18-2025
Yellow Cards,0,2,general,,,,,,clbvsrbny-10-18-2025
Red Cards,0,0,general,,,,,,clbvsrbny-10-18-2025
Overall %,83.8,79.6,general,,,,,,clbvsrbny-10-18-2025
Open Play Pass %,83.5,79.4,general,,,,,,clbvsrbny-10-18-2025
Set Piece Cross %,0,0,general,,,,,,clbvsrbny-10-18-2025
Open Play Cross %,16.7,33.3,general,,,,,,clbvsrbny-10-18-2025
Goals,3,1,general,,,,,,clbvsrbny-10-18-2025
On Target,6,3,general,,,,,,clbvsrbny-10-18-2025
Off Target,10,7,general,,,,,,clbvsrbny-10-18-2025
Blocked,4,2,general,,,,,,clbvsrbny-10-18-2025
Goals Conceded,1,3,general,,,,,,clbvsrbny-10-18-2025
Shots Against,13,8,general,,,,,,clbvsrbny-10-18-2025
Clean Sheets,0,0,general,,,,,,clbvsrbny-10-18-2025
XG Conceded,0.7,1.9,general,,,,,,clbvsrbny-10-18-2025
Interceptions,2,1,general,,,,,,clbvsrbny-10-18-2025
Goals,3,1,shooting,,,,,,clbvsrbny-10-18-2025
On Target,6,3,shooting,,,,,,clbvsrbny-10-18-2025
Off Target,3,2,shooting,,,,,,clbvsrbny-10-18-2025
Blocked,4,2,shooting,,,,,,clbvsrbny-10-18-2025
Overall %,83.8,79.6,passing,,,,,,clbvsrbny-10-18-2025
Open Play Pass %,83.5,79.4,passing,,,,,,clbvsrbny-10-18-2025
Set Piece Cross %,0,0,passing,,,,,,clbvsrbny-10-18-2025
Open Play Cross %,16.7,33.3,passing,,,,,,clbvsrbny-10-18-2025
,,,possession,bar_0,Home Possession: 55.98%,Home Advantage: 11.96%,Away Possession: 44.02%,Away Advantage: N/A,clbvsrbny-10-18-2025
,,,possession,bar_1,Home Possession: 47.77%,Home Advantage: N/A,Away Possession: 52.23%,Away Advantage: 4.46%,clbvsrbny-10-18-2025
,,,possession,bar_2,Home Possession: 56.6%,Home Advantage: 13.2%,Away Possession: 43.4%,Away Advantage: N/A,clbvsrbny-10-18-2025
,,,possession,bar_3,Home Possession: 43.07%,Home Advantage: N/A,Away Possession: 56.93%,Away Advantage: 13.86%,clbvsrbny-10-18-2025
,,,possession,bar_4,Home Possession: 68.93%,Home Advantage: 37.86%,Away Possession: 31.07%,Away Advantage: N/A,clbvsrbny-10-18-2025
,,,possession,bar_5,Home Possession: 41.07%,Home Advantage: N/A,Away Possession: 58.93%,Away Advantage: 17.86%,clbvsrbny-10-18-2025
,,,possession,bar_6,Home Possession: 54.61%,Home Advantage: 9.22%,Away Possession: 45.39%,Away Advantage: N/A,clbvsrbny-10-18-2025
,,,possession,bar_7,Home Possession: 60.88%,Home Advantage: 21.76%,Away Possession: 39.12%,Away Advantage: N/A,clbvsrbny-10-18-2025
,,,possession,bar_8,Home Possession: 54.2%,Home Advantage: 8.4%,Away Possession: 45.8%,Away Advantage: N/A,clbvsrbny-10-18-2025
,,,possession,bar_2_0,Home Possession: 56.91%,Home Advantage: 13.82%,Away Possession: 43.09%,Away Advantage: N/A,clbvsrbny-10-18-2025
,,,possession,bar_2_1,Home Possession: 46.09%,Home Advantage: N/A,Away Possession: 53.91%,Away Advantage: 7.82%,clbvsrbny-10-18-2025
,,,possession,bar_2_2,Home Possession: 74.7%,Home Advantage: 49.4%,Away Possession: 25.3%,Away Advantage: N/A,clbvsrbny-10-18-2025
,,,possession,bar_2_3,Home Possession: 63.22%,Home Advantage: 26.44%,Away Possession: 36.78%,Away Advantage: N/A,clbvsrbny-10-18-2025
,,,possession,bar_2_4,Home Possession: 29.63%,Home Advantage: N/A,Away Possession: 70.37%,Away Advantage: 40.74%,clbvsrbny-10-18-2025
,,,possession,bar_2_5,Home Possession: 82.89%,Home Advantage: 65.78%,Away Possession: 17.11%,Away Advantage: N/A,clbvsrbny-10-18-2025
,,,possession,bar_2_6,Home Possession: 45.43%,Home Advantage: N/A,Away Possession: 54.57%,Away Advantage: 9.14%,clbvsrbny-10-18-2025
,,,possession,bar_2_7,Home Possession: 28.31%,Home Advantage: N/A,Away Possession: 71.69%,Away Advantage: 43.38%,clbvsrbny-10-18-2025
,,,possession,bar_2_8,Home Possession: 78.03%,Home Advantage: 56.06%,Away Possession: 21.97%,Away Advantage: N/A,clbvsrbny-10-18-2025
Total Team XG,1.9,0.7,xg,,,,,,clbvsrbny-10-18-2025
Shots,13,8,xg,,,,,,clbvsrbny-10-18-2025
Shots On Target,6,3,xg,,,,,,clbvsrbny-10-18-2025
Possession %,59.2,40.8,general,,,,,,lavsmin-10-18-2025
Shots,11,13,general,,,,,,lavsmin-10-18-2025
Shots on Goal,8,4,general,,,,,,lavsmin-10-18-2025
Blocked Shots,2,2,general,,,,,,lavsmin-10-18-2025
Total Passes,601,404,general,,,,,,lavsmin-10-18-2025
Passing Accuracy %,87.3,83.9,general,,,,,,lavsmin-10-18-2025
Corners,7,6,general,,,,,,lavsmin-10-18-2025
Total Crosses,7,5,general,,,,,,lavsmin-10-18-2025
Offsides,0,0,general,,,,,,lavsmin-10-18-2025
Aerial Duels Won,10,10,general,,,,,,lavsmin-10-18-2025
Expected Goals,1.8,1,general,,,,,,lavsmin-10-18-2025
Goalkeeper Saves,3,5,general,,,,,,lavsmin-10-18-2025
Clearances,11,8,general,,,,,,lavsmin-10-18-2025
Fouls,14,12,general,,,,,,lavsmin-10-18-2025
Yellow Cards,1,2,general,,,,,,lavsmin-10-18-2025
Red Cards,1,0,general,,,,,,lavsmin-10-18-2025
Overall %,87.3,83.9,general,,,,,,lavsmin-10-18-2025
Open Play Pass %,87.2,84.6,general,,,,,,lavsmin-10-18-2025
Set Piece Cross %,0,40,general,,,,,,lavsmin-10-18-2025
Open Play Cross %,28.6,60,general,,,,,,lavsmin-10-18-2025
Goals,2,1,general,,,,,,lavsmin-10-18-2025
On Target,8,4,general,,,,,,lavsmin-10-18-2025
Off Target,9,12,general,,,,,,lavsmin-10-18-2025
Blocked,2,2,general,,,,,,lavsmin-10-18-2025
Goals Conceded,1,2,general,,,,,,lavsmin-10-18-2025
Shots Against,11,13,general,,,,,,lavsmin-10-18-2025
Clean Sheets,0,0,general,,,,,,lavsmin-10-18-2025
XG Conceded,1,1.8,general,,,,,,lavsmin-10-18-2025
Interceptions,1,2,general,,,,,,lavsmin-10-18-2025
Goals,2,1,shooting,,,,,,lavsmin-10-18-2025
On Target,8,4,shooting,,,,,,lavsmin-10-18-2025
Off Target,1,7,shooting,,,,,,lavsmin-10-18-2025
Blocked,2,2,shooting,,,,,,lavsmin-10-18-2025
Overall %,87.3,83.9,passing,,,,,,lavsmin-10-18-2025
Open Play Pass %,87.2,84.6,passing,,,,,,lavsmin-10-18-2025
Set Piece Cross %,0,40,passing,,,,,,lavsmin-10-18-2025
Open Play Cross %,28.6,60,passing,,,,,,lavsmin-10-18-2025
,,,possession,bar_0,Home Possession: 77.83%,Home Advantage: 55.66%,Away Possession: 22.17%,Away Advantage: N/A,lavsmin-10-18-2025
,,,possession,bar_1,Home Possession: 35.05%,Home Advantage: N/A,Away Possession: 64.95%,Away Advantage: 29.9%,lavsmin-10-18-2025
,,,possession,bar_2,Home Possession: 68.37%,Home Advantage: 36.74%,Away Possession: 31.63%,Away Advantage: N/A,lavsmin-10-18-2025
,,,possession,bar_3,Home Possession: 72.69%,Home Advantage: 45.38%,Away Possession: 27.31%,Away Advantage: N/A,lavsmin-10-18-2025
,,,possession,bar_4,Home Possession: 54.43%,Home Advantage: 8.86%,Away Possession: 45.57%,Away Advantage: N/A,lavsmin-10-18-2025
,,,possession,bar_5,Home Possession: 67.45%,Home Advantage: 34.9%,Away Possession: 32.55%,Away Advantage: N/A,lavsmin-10-18-2025
,,,possession,bar_6,Home Possession: 49.23%,Home Advantage: N/A,Away Possession: 50.77%,Away Advantage: 1.54%,lavsmin-10-18-2025
,,,possession,bar_7,Home Possession: 31.94%,Home Advantage: N/A,Away Possession: 68.06%,Away Advantage: 36.12%,lavsmin-10-18-2025
,,,possession,bar_8,Home Possession: 70.43%,Home Advantage: 40.86%,Away Possession: 29.57%,Away Advantage: N/A,lavsmin-10-18-2025
,,,possession,bar_2_0,Home Possession: 57.23%,Home Advantage: 14.46%,Away Possession: 42.77%,Away Advantage: N/A,lavsmin-10-18-2025
,,,possession,bar_2_1,Home Possession: 69.22%,Home Advantage: 38.44%,Away Possession: 30.78%,Away Advantage: N/A,lavsmin-10-18-2025
,,,possession,bar_2_2,Home Possession: 68.9%,Home Advantage: 37.8%,Away Possession: 31.1%,Away Advantage: N/A,lavsmin-10-18-2025
,,,possession,bar_2_3,Home Possession: 55.94%,Home Advantage: 11.88%,Away Possession: 44.06%,Away Advantage: N/A,lavsmin-10-18-2025
,,,possession,bar_2_4,Home Possession: 46.83%,Home Advantage: N/A,Away Possession: 53.17%,Away Advantage: 6.34%,lavsmin-10-18-2025
,,,possession,bar_2_5,Home Possession: 43.65%,Home Advantage: N/A,Away Possession: 56.35%,Away Advantage: 12.7%,lavsmin-10-18-2025
,,,possession,bar_2_6,Home Possession: 53.91%,Home Advantage: 7.82%,Away Possession: 46.09%,Away Advantage: N/A,lavsmin-10-18-2025
,,,possession,bar_2_7,Home Possession: 64.59%,Home Advantage: 29.18%,Away Possession: 35.41%,Away Advantage: N/A,lavsmin-10-18-2025
,,,possession,bar_2_8,Home Possession: 75.4%,Home Advantage: 50.8%,Away Possession: 24.6%,Away Advantage: N/A,lavsmin-10-18-2025
Total Team XG,1.8,1,xg,,,,,,lavsmin-10-18-2025
Shots,11,13,xg,,,,,,lavsmin-10-18-2025
Shots On Target,8,4,xg,,,,,,lavsmin-10-18-2025
Possession %,61.1,38.9,general,,,,,,sjvsatx-10-18-2025
Shots,26,4,general,,,,,,sjvsatx-10-18-2025
Shots on Goal,10,2,general,,,,,,sjvsatx-10-18-2025
Blocked Shots,9,0,general,,,,,,sjvsatx-10-18-2025
Total Passes,528,280,general,,,,,,sjvsatx-10-18-2025
Passing Accuracy %,86,78.6,general,,,,,,sjvsatx-10-18-2025
Corners,15,1,general,,,,,,sjvsatx-10-18-2025
Total Crosses,16,0,general,,,,,,sjvsatx-10-18-2025
Offsides,0,3,general,,,,,,sjvsatx-10-18-2025
Aerial Duels Won,16,26,general,,,,,,sjvsatx-10-18-2025
Expected Goals,3.3,0.3,general,,,,,,sjvsatx-10-18-2025
Goalkeeper Saves,1,8,general,,,,,,sjvsatx-10-18-2025
Clearances,1,7,general,,,,,,sjvsatx-10-18-2025
Fouls,9,12,general,,,,,,sjvsatx-10-18-2025
Yellow Cards,0,3,general,,,,,,sjvsatx-10-18-2025
Red Cards,0,0,general,,,,,,sjvsatx-10-18-2025
Overall %,86,78.6,general,,,,,,sjvsatx-10-18-2025
Open Play Pass %,85.8,80.5,general,,,,,,sjvsatx-10-18-2025
Set Piece Cross %,36.4,0,general,,,,,,sjvsatx-10-18-2025
Open Play Cross %,43.8,0,general,,,,,,sjvsatx-10-18-2025
Goals,2,1,general,,,,,,sjvsatx-10-18-2025
On Target,10,2,general,,,,,,sjvsatx-10-18-2025
Off Target,24,3,general,,,,,,sjvsatx-10-18-2025
Blocked,9,0,general,,,,,,sjvsatx-10-18-2025
Goals Conceded,1,2,general,,,,,,sjvsatx-10-18-2025
Shots Against,26,4,general,,,,,,sjvsatx-10-18-2025
Clean Sheets,0,0,general,,,,,,sjvsatx-10-18-2025
XG Conceded,0.3,3.3,general,,,,,,sjvsatx-10-18-2025
Interceptions,0,0,general,,,,,,sjvsatx-10-18-2025
Goals,2,1,shooting,,,,,,sjvsatx-10-18-2025
On Target,10,2,shooting,,,,,,sjvsatx-10-18-2025
Off Target,4,2,shooting,,,,,,sjvsatx-10-18-2025
Blocked,9,0,shooting,,,,,,sjvsatx-10-18-2025
Overall %,86,78.6,passing,,,,,,sjvsatx-10-18-2025
Open Play Pass %,85.8,80.5,passing,,,,,,sjvsatx-10-18-2025
Set Piece Cross %,36.4,0,passing,,,,,,sjvsatx-10-18-2025
Open Play Cross %,43.8,0,passing,,,,,,sjvsatx-10-18-2025
,,,possession,bar_0,Home Possession: 60.96%,Home Advantage: 21.92%,Away Possession: 39.04%,Away Advantage: N/A,sjvsatx-10-18-2025
,,,possession,bar_1,Home Possession: 70.14%,Home Advantage: 40.28%,Away Possession: 29.86%,Away Advantage: N/A,sjvsatx-10-18-2025
,,,possession,bar_2,Home Possession: 42.1%,Home Advantage: N/A,Away Possession: 57.9%,Away Advantage: 15.8%,sjvsatx-10-18-2025
,,,possession,bar_3,Home Possession: 77.01%,Home Advantage: 54.02%,Away Possession: 22.99%,Away Advantage: N/A,sjvsatx-10-18-2025
,,,possession,bar_4,Home Possession: 79.17%,Home Advantage: 58.34%,Away Possession: 20.83%,Away Advantage: N/A,sjvsatx-10-18-2025
,,,possession,bar_5,Home Possession: 62.48%,Home Advantage: 24.96%,Away Possession: 37.52%,Away Advantage: N/A,sjvsatx-10-18-2025
,,,possession,bar_6,Home Possession: 71.47%,Home Advantage: 42.94%,Away Possession: 28.53%,Away Advantage: N/A,sjvsatx-10-18-2025
,,,possession,bar_7,Home Possession: 65.73%,Home Advantage: 31.46%,Away Possession: 34.27%,Away Advantage: N/A,sjvsatx-10-18-2025
,,,possession,bar_8,Home Possession: 42.15%,Home Advantage: N/A,Away Possession: 57.85%,Away Advantage: 15.7%,sjvsatx-10-18-2025
,,,possession,bar_2_0,Home Possession: 81.33%,Home Advantage: 62.66%,Away Possession: 18.67%,Away Advantage: N/A,sjvsatx-10-18-2025
,,,possession,bar_2_1,Home Possession: 72.07%,Home Advantage: 44.14%,Away Possession: 27.93%,Away Advantage: N/A,sjvsatx-10-18-2025
,,,possession,bar_2_2,Home Possession: 27.55%,Home Advantage: N/A,Away Possession: 72.45%,Away Advantage: 44.9%,sjvsatx-10-18-2025
,,,possession,bar_2_3,Home Possession: 60.01%,Home Advantage: 20.02%,Away Possession: 39.99%,Away Advantage: N/A,sjvsatx-10-18-2025
,,,possession,bar_2_4,Home Possession: 50.1%,Home Advantage: 0.2%,Away Possession: 49.9%,Away Advantage: N/A,sjvsatx-10-18-2025
,,,possession,bar_2_5,Home Possession: 51.56%,Home Advantage: 3.12%,Away Possession: 48.44%,Away Advantage: N/A,sjvsatx-10-18-2025
,,,possession,bar_2_6,Home Possession: 67.45%,Home Advantage: 34.9%,Away Possession: 32.55%,Away Advantage: N/A,sjvsatx-10-18-2025
,,,possession,bar_2_7,Home Possession: 78.81%,Home Advantage: 57.62%,Away Possession: 21.19%,Away Advantage: N/A,sjvsatx-10-18-2025
,,,possession,bar_2_8,Home Possession: 57.69%,Home Advantage: 15.38%,Away Possession: 42.31%,Away Advantage: N/A,sjvsatx-10-18-2025
Total Team XG,3.3,0.3,xg,,,,,,sjvsatx-10-18-2025
Shots,26,4,xg,,,,,,sjvsatx-10-18-2025
Shots On Target,10,2,xg,,,,,,sjvsatx-10-18-2025
Possession %,34.3,65.8,general,,,,,,porvssd-10-18-2025
Shots,11,16,general,,,,,,porvssd-10-18-2025
Shots on Goal,2,6,general,,,,,,porvssd-10-18-2025
Blocked Shots,1,4,general,,,,,,porvssd-10-18-2025
Total Passes,321,804,general,,,,,,porvssd-10-18-2025
Passing Accuracy %,82.2,91.7,general,,,,,,porvssd-10-18-2025
Corners,3,5,general,,,,,,porvssd-10-18-2025
Total Crosses,8,7,general,,,,,,porvssd-10-18-2025
Offsides,4,3,general,,,,,,porvssd-10-18-2025
Aerial Duels Won,11,5,general,,,,,,porvssd-10-18-2025
Expected Goals,1,2.1,general,,,,,,porvssd-10-18-2025
Goalkeeper Saves,2,3,general,,,,,,porvssd-10-18-2025
Clearances,9,8,general,,,,,,porvssd-10-18-2025
Fouls,11,14,general,,,,,,porvssd-10-18-2025
Yellow Cards,2,2,general,,,,,,porvssd-10-18-2025
Red Cards,0,0,general,,,,,,porvssd-10-18-2025
Overall %,82.2,91.7,general,,,,,,porvssd-10-18-2025
Open Play Pass %,81.8,91.4,general,,,,,,porvssd-10-18-2025
Set Piece Cross %,0,0,general,,,,,,porvssd-10-18-2025
Open Play Cross %,25,57.1,general,,,,,,porvssd-10-18-2025
Goals,0,4,general,,,,,,porvssd-10-18-2025
On Target,2,6,general,,,,,,porvssd-10-18-2025
Off Target,11,12,general,,,,,,porvssd-10-18-2025
Blocked,1,4,general,,,,,,porvssd-10-18-2025
Goals Conceded,4,0,general,,,,,,porvssd-10-18-2025
Shots Against,11,16,general,,,,,,porvssd-10-18-2025
Clean Sheets,0,0,general,,,,,,porvssd-10-18-2025
XG Conceded,2.1,1,general,,,,,,porvssd-10-18-2025
Interceptions,1,2,general,,,,,,porvssd-10-18-2025
Goals,0,4,shooting,,,,,,porvssd-10-18-2025
On Target,2,6,shooting,,,,,,porvssd-10-18-2025
Off Target,7,4,shooting,,,,,,porvssd-10-18-2025
Blocked,1,4,shooting,,,,,,porvssd-10-18-2025
Overall %,82.2,91.7,passing,,,,,,porvssd-10-18-2025
Open Play Pass %,81.8,91.4,passing,,,,,,porvssd-10-18-2025
Set Piece Cross %,0,0,passing,,,,,,porvssd-10-18-2025
Open Play Cross %,25,57.1,passing,,,,,,porvssd-10-18-2025
,,,possession,bar_0,Home Possession: 21.44%,Home Advantage: N/A,Away Possession: 78.56%,Away Advantage: 57.12%,porvssd-10-18-2025
,,,possession,bar_1,Home Possession: 29.61%,Home Advantage: N/A,Away Possession: 70.39%,Away Advantage: 40.78%,porvssd-10-18-2025
,,,possession,bar_2,Home Possession: 39.52%,Home Advantage: N/A,Away Possession: 60.48%,Away Advantage: 20.96%,porvssd-10-18-2025
,,,possession,bar_3,Home Possession: 34.32%,Home Advantage: N/A,Away Possession: 65.68%,Away Advantage: 31.36%,porvssd-10-18-2025
,,,possession,bar_4,Home Possession: 38.64%,Home Advantage: N/A,Away Possession: 61.36%,Away Advantage: 22.72%,porvssd-10-18-2025
,,,possession,bar_5,Home Possession: 29.08%,Home Advantage: N/A,Away Possession: 70.92%,Away Advantage: 41.84%,porvssd-10-18-2025
,,,possession,bar_6,Home Possession: 29.06%,Home Advantage: N/A,Away Possession: 70.94%,Away Advantage: 41.88%,porvssd-10-18-2025
,,,possession,bar_7,Home Possession: 48.32%,Home Advantage: N/A,Away Possession: 51.68%,Away Advantage: 3.36%,porvssd-10-18-2025
,,,possession,bar_8,Home Possession: 20.55%,Home Advantage: N/A,Away Possession: 79.45%,Away Advantage: 58.9%,porvssd-10-18-2025
,,,possession,bar_2_0,Home Possession: 29.02%,Home Advantage: N/A,Away Possession: 70.98%,Away Advantage: 41.96%,porvssd-10-18-2025
,,,possession,bar_2_1,Home Possession: 4.28%,Home Advantage: N/A,Away Possession: 95.72%,Away Advantage: 91.44%,porvssd-10-18-2025
,,,possession,bar_2_2,Home Possession: 21.98%,Home Advantage: N/A,Away Possession: 78.02%,Away Advantage: 56.04%,porvssd-10-18-2025
,,,possession,bar_2_3,Home Possession: 53.03%,Home Advantage: 6.06%,Away Possession: 46.97%,Away Advantage: N/A,porvssd-10-18-2025
,,,possession,bar_2_4,Home Possession: 56.62%,Home Advantage: 13.24%,Away Possession: 43.38%,Away Advantage: N/A,porvssd-10-18-2025
,,,possession,bar_2_5,Home Possession: 53.46%,Home Advantage: 6.92%,Away Possession: 46.54%,Away Advantage: N/A,porvssd-10-18-2025
,,,possession,bar_2_6,Home Possession: 32.16%,Home Advantage: N/A,Away Possession: 67.84%,Away Advantage: 35.68%,porvssd-10-18-2025
,,,possession,bar_2_7,Home Possession: 56.8%,Home Advantage: 13.6%,Away Possession: 43.2%,Away Advantage: N/A,porvssd-10-18-2025
,,,possession,bar_2_8,Home Possession: 21.81%,Home Advantage: N/A,Away Possession: 78.19%,Away Advantage: 56.38%,porvssd-10-18-2025
Total Team XG,1,2.1,xg,,,,,,porvssd-10-18-2025
Shots,11,16,xg,,,,,,porvssd-10-18-2025
Shots On Target,2,6,xg,,,,,,porvssd-10-18-2025
Possession %,53.3,46.7,general,,,,,,stlvsrsl-10-18-2025
Shots,27,8,general,,,,,,stlvsrsl-10-18-2025
Shots on Goal,8,3,general,,,,,,stlvsrsl-10-18-2025
Blocked Shots,7,5,general,,,,,,stlvsrsl-10-18-2025
Total Passes,495,430,general,,,,,,stlvsrsl-10-18-2025
Passing Accuracy %,88.7,84.9,general,,,,,,stlvsrsl-10-18-2025
Corners,7,3,general,,,,,,stlvsrsl-10-18-2025
Total Crosses,15,4,general,,,,,,stlvsrsl-10-18-2025
Offsides,0,2,general,,,,,,stlvsrsl-10-18-2025
Aerial Duels Won,21,12,general,,,,,,stlvsrsl-10-18-2025
Expected Goals,3.6,0.8,general,,,,,,stlvsrsl-10-18-2025
Goalkeeper Saves,1,6,general,,,,,,stlvsrsl-10-18-2025
Clearances,3,11,general,,,,,,stlvsrsl-10-18-2025
Fouls,13,13,general,,,,,,stlvsrsl-10-18-2025
Yellow Cards,3,3,general,,,,,,stlvsrsl-10-18-2025
Red Cards,0,0,general,,,,,,stlvsrsl-10-18-2025
Overall %,88.7,84.9,general,,,,,,stlvsrsl-10-18-2025
Open Play Pass %,89,85.1,general,,,,,,stlvsrsl-10-18-2025
Set Piece Cross %,33.3,0,general,,,,,,stlvsrsl-10-18-2025
Open Play Cross %,53.3,0,general,,,,,,stlvsrsl-10-18-2025
Goals,2,2,general,,,,,,stlvsrsl-10-18-2025
On Target,8,3,general,,,,,,stlvsrsl-10-18-2025
Off Target,25,6,general,,,,,,stlvsrsl-10-18-2025
Blocked,7,5,general,,,,,,stlvsrsl-10-18-2025
Goals Conceded,2,2,general,,,,,,stlvsrsl-10-18-2025
Shots Against,27,8,general,,,,,,stlvsrsl-10-18-2025
Clean Sheets,0,0,general,,,,,,stlvsrsl-10-18-2025
XG Conceded,0.8,3.6,general,,,,,,stlvsrsl-10-18-2025
Interceptions,0,1,general,,,,,,stlvsrsl-10-18-2025
Goals,2,2,shooting,,,,,,stlvsrsl-10-18-2025
On Target,8,3,shooting,,,,,,stlvsrsl-10-18-2025
Off Target,9,0,shooting,,,,,,stlvsrsl-10-18-2025
Blocked,7,5,shooting,,,,,,stlvsrsl-10-18-2025
Overall %,88.7,84.9,passing,,,,,,stlvsrsl-10-18-2025
Open Play Pass %,89,85.1,passing,,,,,,stlvsrsl-10-18-2025
Set Piece Cross %,33.3,0,passing,,,,,,stlvsrsl-10-18-2025
Open Play Cross %,53.3,0,passing,,,,,,stlvsrsl-10-18-2025
,,,possession,bar_0,Home Possession: 57.29%,Home Advantage: 14.58%,Away Possession: 42.71%,Away Advantage: N/A,stlvsrsl-10-18-2025
,,,possession,bar_1,Home Possession: 35.75%,Home Advantage: N/A,Away Possession: 64.25%,Away Advantage: 28.5%,stlvsrsl-10-18-2025
,,,possession,bar_2,Home Possession: 47.77%,Home Advantage: N/A,Away Possession: 52.23%,Away Advantage: 4.46%,stlvsrsl-10-18-2025
,,,possession,bar_3,Home Possession: 60.06%,Home Advantage: 20.12%,Away Possession: 39.94%,Away Advantage: N/A,stlvsrsl-10-18-2025
,,,possession,bar_4,Home Possession: 29.89%,Home Advantage: N/A,Away Possession: 70.11%,Away Advantage: 40.22%,stlvsrsl-10-18-2025
,,,possession,bar_5,Home Possession: 38.66%,Home Advantage: N/A,Away Possession: 61.34%,Away Advantage: 22.68%,stlvsrsl-10-18-2025
,,,possession,bar_6,Home Possession: 46.9%,Home Advantage: N/A,Away Possession: 53.1%,Away Advantage: 6.2%,stlvsrsl-10-18-2025
,,,possession,bar_7,Home Possession: 75.87%,Home Advantage: 51.74%,Away Possession: 24.13%,Away Advantage: N/A,stlvsrsl-10-18-2025
,,,possession,bar_8,Home Possession: 37.16%,Home Advantage: N/A,Away Possession: 62.84%,Away Advantage: 25.68%,stlvsrsl-10-18-2025
,,,possession,bar_2_0,Home Possession: 73.97%,Home Advantage: 47.94%,Away Possession: 26.03%,Away Advantage: N/A,stlvsrsl-10-18-2025
,,,possession,bar_2_1,Home Possession: 36.96%,Home Advantage: N/A,Away Possession: 63.04%,Away Advantage: 26.08%,stlvsrsl-10-18-2025
,,,possession,bar_2_2,Home Possession: 61.56%,Home Advantage: 23.12%,Away Possession: 38.44%,Away Advantage: N/A,stlvsrsl-10-18-2025
,,,possession,bar_2_3,Home Possession: 74.48%,Home Advantage: 48.96%,Away Possession: 25.52%,Away Advantage: N/A,stlvsrsl-10-18-2025
,,,possession,bar_2_4,Home Possession: 61.34%,Home Advantage: 22.68%,Away Possession: 38.66%,Away Advantage: N/A,stlvsrsl-10-18-2025
,,,possession,bar_2_5,Home Possession: 54.57%,Home Advantage: 9.14%,Away Possession: 45.43%,Away Advantage: N/A,stlvsrsl-10-18-2025
,,,possession,bar_2_6,Home Possession: 32.74%,Home Advantage: N/A,Away Possession: 67.26%,Away Advantage: 34.52%,stlvsrsl-10-18-2025
,,,possession,bar_2_7,Home Possession: 64.48%,Home Advantage: 28.96%,Away Possession: 35.52%,Away Advantage: N/A,stlvsrsl-10-18-2025
,,,possession,bar_2_8,Home Possession: 63.29%,Home Advantage: 26.58%,Away Possession: 36.71%,Away Advantage: N/A,stlvsrsl-10-18-2025
Total Team XG,3.6,0.8,xg,,,,,,stlvsrsl-10-18-2025
Shots,27,8,xg,,,,,,stlvsrsl-10-18-2025
Shots On Target,8,3,xg,,,,,,stlvsrsl-10-18-2025
Possession %,51.4,48.6,general,,,,,,nycvssea-10-18-2025
Shots,16,8,general,,,,,,nycvssea-10-18-2025
Shots on Goal,5,4,general,,,,,,nycvssea-10-18-2025
Blocked Shots,5,4,general,,,,,,nycvssea-10-18-2025
Total Passes,505,519,general,,,,,,nycvssea-10-18-2025
Passing Accuracy %,84.4,84.6,general,,,,,,nycvssea-10-18-2025
Corners,9,6,general,,,,,,nycvssea-10-18-2025
Total Crosses,10,4,general,,,,,,nycvssea-10-18-2025
Offsides,1,4,general,,,,,,nycvssea-10-18-2025
Aerial Duels Won,13,9,general,,,,,,nycvssea-10-18-2025
Expected Goals,1.1,0.7,general,,,,,,nycvssea-10-18-2025
Goalkeeper Saves,2,4,general,,,,,,nycvssea-10-18-2025
Clearances,7,18,general,,,,,,nycvssea-10-18-2025
Fouls,19,6,general,,,,,,nycvssea-10-18-2025
Yellow Cards,3,1,general,,,,,,nycvssea-10-18-2025
Red Cards,0,0,general,,,,,,nycvssea-10-18-2025
Overall %,84.4,84.6,general,,,,,,nycvssea-10-18-2025
Open Play Pass %,84.1,85.8,general,,,,,,nycvssea-10-18-2025
Set Piece Cross %,22.2,40,general,,,,,,nycvssea-10-18-2025
Open Play Cross %,30,25,general,,,,,,nycvssea-10-18-2025
Goals,1,2,general,,,,,,nycvssea-10-18-2025
On Target,5,4,general,,,,,,nycvssea-10-18-2025
Off Target,15,6,general,,,,,,nycvssea-10-18-2025
Blocked,5,4,general,,,,,,nycvssea-10-18-2025
Goals Conceded,2,1,general,,,,,,nycvssea-10-18-2025
Shots Against,16,8,general,,,,,,nycvssea-10-18-2025
Clean Sheets,0,0,general,,,,,,nycvssea-10-18-2025
XG Conceded,0.7,1.1,general,,,,,,nycvssea-10-18-2025
Interceptions,0,0,general,,,,,,nycvssea-10-18-2025
Goals,1,2,shooting,,,,,,nycvssea-10-18-2025
On Target,5,4,shooting,,,,,,nycvssea-10-18-2025
Off Target,4,0,shooting,,,,,,nycvssea-10-18-2025
Blocked,5,4,shooting,,,,,,nycvssea-10-18-2025
Overall %,84.4,84.6,passing,,,,,,nycvssea-10-18-2025
Open Play Pass %,84.1,85.8,passing,,,,,,nycvssea-10-18-2025
Set Piece Cross %,22.2,40,passing,,,,,,nycvssea-10-18-2025
Open Play Cross %,30,25,passing,,,,,,nycvssea-10-18-2025
,,,possession,bar_0,Home Possession: 48.13%,Home Advantage: N/A,Away Possession: 51.87%,Away Advantage: 3.74%,nycvssea-10-18-2025
,,,possession,bar_1,Home Possession: 43.83%,Home Advantage: N/A,Away Possession: 56.17%,Away Advantage: 12.34%,nycvssea-10-18-2025
,,,possession,bar_2,Home Possession: 78.98%,Home Advantage: 57.96%,Away Possession: 21.02%,Away Advantage: N/A,nycvssea-10-18-2025
,,,possession,bar_3,Home Possession: 23.31%,Home Advantage: N/A,Away Possession: 76.69%,Away Advantage: 53.38%,nycvssea-10-18-2025
,,,possession,bar_4,Home Possession: 21.32%,Home Advantage: N/A,Away Possession: 78.68%,Away Advantage: 57.36%,nycvssea-10-18-2025
,,,possession,bar_5,Home Possession: 53.19%,Home Advantage: 6.38%,Away Possession: 46.81%,Away Advantage: N/A,nycvssea-10-18-2025
,,,possession,bar_6,Home Possession: 40.19%,Home Advantage: N/A,Away Possession: 59.81%,Away Advantage: 19.62%,nycvssea-10-18-2025
,,,possession,bar_7,Home Possession: 60.12%,Home Advantage: 20.24%,Away Possession: 39.88%,Away Advantage: N/A,nycvssea-10-18-2025
,,,possession,bar_8,Home Possession: 51.87%,Home Advantage: 3.74%,Away Possession: 48.13%,Away Advantage: N/A,nycvssea-10-18-2025
,,,possession,bar_2_0,Home Possession: 74.35%,Home Advantage: 48.7%,Away Possession: 25.65%,Away Advantage: N/A,nycvssea-10-18-2025
,,,possession,bar_2_1,Home Possession: 52.07%,Home Advantage: 4.14%,Away Possession: 47.93%,Away Advantage: N/A,nycvssea-10-18-2025
,,,possession,bar_2_2,Home Possession: 32.17%,Home Advantage: N/A,Away Possession: 67.83%,Away Advantage: 35.66%,nycvssea-10-18-2025
,,,possession,bar_2_3,Home Possession: 68.64%,Home Advantage: 37.28%,Away Possession: 31.36%,Away Advantage: N/A,nycvssea-10-18-2025
,,,possession,bar_2_4,Home Possession: 45.82%,Home Advantage: N/A,Away Possession: 54.18%,Away Advantage: 8.36%,nycvssea-10-18-2025
,,,possession,bar_2_5,Home Possession: 35.12%,Home Advantage: N/A,Away Possession: 64.88%,Away Advantage: 29.76%,nycvssea-10-18-2025
,,,possession,bar_2_6,Home Possession: 45.12%,Home Advantage: N/A,Away Possession: 54.88%,Away Advantage: 9.76%,nycvssea-10-18-2025
,,,possession,bar_2_7,Home Possession: 40.26%,Home Advantage: N/A,Away Possession: 59.74%,Away Advantage: 19.48%,nycvssea-10-18-2025
,,,possession,bar_2_8,Home Possession: 57.37%,Home Advantage: 14.74%,Away Possession: 42.63%,Away Advantage: N/A,nycvssea-10-18-2025
Total Team XG,1.1,0.7,xg,,,,,,nycvssea-10-18-2025
Shots,16,8,xg,,,,,,nycvssea-10-18-2025
Shots On Target,5,4,xg,,,,,,nycvssea-10-18-2025
Possession %,48,52,general,,,,,,cinvsmtl-10-18-2025
Shots,12,10,general,,,,,,cinvsmtl-10-18-2025
Shots on Goal,7,3,general,,,,,,cinvsmtl-10-18-2025
Blocked Shots,2,2,general,,,,,,cinvsmtl-10-18-2025
Total Passes,355,411,general,,,,,,cinvsmtl-10-18-2025
Passing Accuracy %,89.3,84.4,general,,,,,,cinvsmtl-10-18-2025
Corners,5,12,general,,,,,,cinvsmtl-10-18-2025
Total Crosses,3,6,general,,,,,,cinvsmtl-10-18-2025
Offsides,0,1,general,,,,,,cinvsmtl-10-18-2025
Aerial Duels Won,11,7,general,,,,,,cinvsmtl-10-18-2025
Expected Goals,1.6,1.2,general,,,,,,cinvsmtl-10-18-2025
Goalkeeper Saves,3,4,general,,,,,,cinvsmtl-10-18-2025
Clearances,4,5,general,,,,,,cinvsmtl-10-18-2025
Fouls,10,9,general,,,,,,cinvsmtl-10-18-2025
Yellow Cards,2,2,general,,,,,,cinvsmtl-10-18-2025
Red Cards,0,0,general,,,,,,cinvsmtl-10-18-2025
Overall %,89.3,84.4,general,,,,,,cinvsmtl-10-18-2025
Open Play Pass %,89.3,83.8,general,,,,,,cinvsmtl-10-18-2025
Set Piece Cross %,60,11.1,general,,,,,,cinvsmtl-10-18-2025
Open Play Cross %,33.3,16.7,general,,,,,,cinvsmtl-10-18-2025
Goals,3,0,general,,,,,,cinvsmtl-10-18-2025
On Target,7,3,general,,,,,,cinvsmtl-10-18-2025
Off Target,9,10,general,,,,,,cinvsmtl-10-18-2025
Blocked,2,2,general,,,,,,cinvsmtl-10-18-2025
Goals Conceded,0,3,general,,,,,,cinvsmtl-10-18-2025
Shots Against,12,10,general,,,,,,cinvsmtl-10-18-2025
Clean Sheets,0,0,general,,,,,,cinvsmtl-10-18-2025
XG Conceded,1.2,1.6,general,,,,,,cinvsmtl-10-18-2025
Interceptions,1,2,general,,,,,,cinvsmtl-10-18-2025
Goals,3,0,shooting,,,,,,cinvsmtl-10-18-2025
On Target,7,3,shooting,,,,,,cinvsmtl-10-18-2025
Off Target,3,2,shooting,,,,,,cinvsmtl-10-18-2025
Blocked,2,2,shooting,,,,,,cinvsmtl-10-18-2025
Overall %,89.3,84.4,passing,,,,,,cinvsmtl-10-18-2025
Open Play Pass %,89.3,83.8,passing,,,,,,cinvsmtl-10-18-2025
Set Piece Cross %,60,11.1,passing,,,,,,cinvsmtl-10-18-2025
Open Play Cross %,33.3,16.7,passing,,,,,,cinvsmtl-10-18-2025
,,,possession,bar_0,Home Possession: 47.38%,Home Advantage: N/A,Away Possession: 52.62%,Away Advantage: 5.24%,cinvsmtl-10-18-2025
,,,possession,bar_1,Home Possession: 49.77%,Home Advantage: N/A,Away Possession: 50.23%,Away Advantage: 0.46%,cinvsmtl-10-18-2025
,,,possession,bar_2,Home Possession: 27.5%,Home Advantage: N/A,Away Possession: 72.5%,Away Advantage: 45%,cinvsmtl-10-18-2025
,,,possession,bar_3,Home Possession: 34.65%,Home Advantage: N/A,Away Possession: 65.35%,Away Advantage: 30.7%,cinvsmtl-10-18-2025
,,,possession,bar_4,Home Possession: 60.26%,Home Advantage: 20.52%,Away Possession: 39.74%,Away Advantage: N/A,cinvsmtl-10-18-2025
,,,possession,bar_5,Home Possession: 35.19%,Home Advantage: N/A,Away Possession: 64.81%,Away Advantage: 29.62%,cinvsmtl-10-18-2025
,,,possession,bar_6,Home Possession: 60.8%,Home Advantage: 21.6%,Away Possession: 39.2%,Away Advantage: N/A,cinvsmtl-10-18-2025
,,,possession,bar_7,Home Possession: 36.84%,Home Advantage: N/A,Away Possession: 63.16%,Away Advantage: 26.32%,cinvsmtl-10-18-2025
,,,possession,bar_8,Home Possession: 55.25%,Home Advantage: 10.5%,Away Possession: 44.75%,Away Advantage: N/A,cinvsmtl-10-18-2025
,,,possession,bar_2_0,Home Possession: 64.28%,Home Advantage: 28.56%,Away Possession: 35.72%,Away Advantage: N/A,cinvsmtl-10-18-2025
,,,possession,bar_2_1,Home Possession: 59.94%,Home Advantage: 19.88%,Away Possession: 40.06%,Away Advantage: N/A,cinvsmtl-10-18-2025
,,,possession,bar_2_2,Home Possession: 38.54%,Home Advantage: N/A,Away Possession: 61.46%,Away Advantage: 22.92%,cinvsmtl-10-18-2025
,,,possession,bar_2_3,Home Possession: 49.93%,Home Advantage: N/A,Away Possession: 50.07%,Away Advantage: 0.14%,cinvsmtl-10-18-2025
,,,possession,bar_2_4,Home Possession: 70.6%,Home Advantage: 41.2%,Away Possession: 29.4%,Away Advantage: N/A,cinvsmtl-10-18-2025
,,,possession,bar_2_5,Home Possession: 38.92%,Home Advantage: N/A,Away Possession: 61.08%,Away Advantage: 22.16%,cinvsmtl-10-18-2025
,,,possession,bar_2_6,Home Possession: 55.63%,Home Advantage: 11.26%,Away Possession: 44.37%,Away Advantage: N/A,cinvsmtl-10-18-2025
,,,possession,bar_2_7,Home Possession: 62.47%,Home Advantage: 24.94%,Away Possession: 37.53%,Away Advantage: N/A,cinvsmtl-10-18-2025
,,,possession,bar_2_8,Home Possession: 44.06%,Home Advantage: N/A,Away Possession: 55.94%,Away Advantage: 11.88%,cinvsmtl-10-18-2025
Total Team XG,1.6,1.2,xg,,,,,,cinvsmtl-10-18-2025
Shots,12,10,xg,,,,,,cinvsmtl-10-18-2025
Shots On Target,7,3,xg,,,,,,cinvsmtl-10-18-2025
Possession %,47.8,52.2,general,,,,,,skcvshou-10-18-2025
Shots,10,9,general,,,,,,skcvshou-10-18-2025
Shots on Goal,2,6,general,,,,,,skcvshou-10-18-2025
Blocked Shots,5,0,general,,,,,,skcvshou-10-18-2025
Total Passes,497,495,general,,,,,,skcvshou-10-18-2025
Passing Accuracy %,83.5,84,general,,,,,,skcvshou-10-18-2025
Corners,7,5,general,,,,,,skcvshou-10-18-2025
Total Crosses,8,5,general,,,,,,skcvshou-10-18-2025
Offsides,0,1,general,,,,,,skcvshou-10-18-2025
Aerial Duels Won,12,10,general,,,,,,skcvshou-10-18-2025
Expected Goals,1,0.8,general,,,,,,skcvshou-10-18-2025
Goalkeeper Saves,6,2,general,,,,,,skcvshou-10-18-2025
Clearances,6,5,general,,,,,,skcvshou-10-18-2025
Fouls,17,18,general,,,,,,skcvshou-10-18-2025
Yellow Cards,3,4,general,,,,,,skcvshou-10-18-2025
Red Cards,0,0,general,,,,,,skcvshou-10-18-2025
Overall %,83.5,84,general,,,,,,skcvshou-10-18-2025
Open Play Pass %,83.4,83.4,general,,,,,,skcvshou-10-18-2025
Set Piece Cross %,37.5,50,general,,,,,,skcvshou-10-18-2025
Open Play Cross %,12.5,40,general,,,,,,skcvshou-10-18-2025
Goals,0,0,general,,,,,,skcvshou-10-18-2025
On Target,2,6,general,,,,,,skcvshou-10-18-2025
Off Target,10,9,general,,,,,,skcvshou-10-18-2025
Blocked,5,0,general,,,,,,skcvshou-10-18-2025
Goals Conceded,0,0,general,,,,,,skcvshou-10-18-2025
Shots Against,10,9,general,,,,,,skcvshou-10-18-2025
Clean Sheets,0,0,general,,,,,,skcvshou-10-18-2025
XG Conceded,0.8,1,general,,,,,,skcvshou-10-18-2025
Interceptions,0,1,general,,,,,,skcvshou-10-18-2025
Goals,0,0,shooting,,,,,,skcvshou-10-18-2025
On Target,2,6,shooting,,,,,,skcvshou-10-18-2025
Off Target,3,3,shooting,,,,,,skcvshou-10-18-2025
Blocked,5,0,shooting,,,,,,skcvshou-10-18-2025
Overall %,83.5,84,passing,,,,,,skcvshou-10-18-2025
Open Play Pass %,83.4,83.4,passing,,,,,,skcvshou-10-18-2025
Set Piece Cross %,37.5,50,passing,,,,,,skcvshou-10-18-2025
Open Play Cross %,12.5,40,passing,,,,,,skcvshou-10-18-2025
,,,possession,bar_0,Home Possession: 49.9%,Home Advantage: N/A,Away Possession: 50.1%,Away Advantage: 0.2%,skcvshou-10-18-2025
,,,possession,bar_1,Home Possession: 49.48%,Home Advantage: N/A,Away Possession: 50.52%,Away Advantage: 1.04%,skcvshou-10-18-2025
,,,possession,bar_2,Home Possession: 67.21%,Home Advantage: 34.42%,Away Possession: 32.79%,Away Advantage: N/A,skcvshou-10-18-2025
,,,possession,bar_3,Home Possession: 32.89%,Home Advantage: N/A,Away Possession: 67.11%,Away Advantage: 34.22%,skcvshou-10-18-2025
,,,possession,bar_4,Home Possession: 46.26%,Home Advantage: N/A,Away Possession: 53.74%,Away Advantage: 7.48%,skcvshou-10-18-2025
,,,possession,bar_5,Home Possession: 48%,Home Advantage: N/A,Away Possession: 52%,Away Advantage: 4%,skcvshou-10-18-2025
,,,possession,bar_6,Home Possession: 51.28%,Home Advantage: 2.56%,Away Possession: 48.72%,Away Advantage: N/A,skcvshou-10-18-2025
,,,possession,bar_7,Home Possession: 47.65%,Home Advantage: N/A,Away Possession: 52.35%,Away Advantage: 4.7%,skcvshou-10-18-2025
,,,possession,bar_8,Home Possession: 62.59%,Home Advantage: 25.18%,Away Possession: 37.41%,Away Advantage: N/A,skcvshou-10-18-2025
,,,possession,bar_2_0,Home Possession: 25.68%,Home Advantage: N/A,Away Possession: 74.32%,Away Advantage: 48.64%,skcvshou-10-18-2025
,,,possession,bar_2_1,Home Possession: 64.8%,Home Advantage: 29.6%,Away Possession: 35.2%,Away Advantage: N/A,skcvshou-10-18-2025
,,,possession,bar_2_2,Home Possession: 37.77%,Home Advantage: N/A,Away Possession: 62.23%,Away Advantage: 24.46%,skcvshou-10-18-2025
,,,possession,bar_2_3,Home Possession: 51.79%,Home Advantage: 3.58%,Away Possession: 48.21%,Away Advantage: N/A,skcvshou-10-18-2025
,,,possession,bar_2_4,Home Possession: 66.44%,Home Advantage: 32.88%,Away Possession: 33.56%,Away Advantage: N/A,skcvshou-10-18-2025
,,,possession,bar_2_5,Home Possession: 40.49%,Home Advantage: N/A,Away Possession: 59.51%,Away Advantage: 19.02%,skcvshou-10-18-2025
,,,possession,bar_2_6,Home Possession: 43.14%,Home Advantage: N/A,Away Possession: 56.86%,Away Advantage: 13.72%,skcvshou-10-18-2025
,,,possession,bar_2_7,Home Possession: 39.24%,Home Advantage: N/A,Away Possession: 60.76%,Away Advantage: 21.52%,skcvshou-10-18-2025
,,,possession,bar_2_8,Home Possession: 46.28%,Home Advantage: N/A,Away Possession: 53.72%,Away Advantage: 7.44%,skcvshou-10-18-2025
Total Team XG,1,0.8,xg,,,,,,skcvshou-10-18-2025
Shots,10,9,xg,,,,,,skcvshou-10-18-2025
Shots On Target,2,6,xg,,,,,,skcvshou-10-18-2025
Possession %,44,56,general,,,,,,nevschi-10-18-2025
Shots,8,16,general,,,,,,nevschi-10-18-2025
Shots on Goal,4,5,general,,,,,,nevschi-10-18-2025
Blocked Shots,1,4,general,,,,,,nevschi-10-18-2025
Total Passes,413,597,general,,,,,,nevschi-10-18-2025
Passing Accuracy %,79.7,87.3,general,,,,,,nevschi-10-18-2025
Corners,2,5,general,,,,,,nevschi-10-18-2025
Total Crosses,8,9,general,,,,,,nevschi-10-18-2025
Offsides,1,0,general,,,,,,nevschi-10-18-2025
Aerial Duels Won,19,15,general,,,,,,nevschi-10-18-2025
Expected Goals,1.1,1.7,general,,,,,,nevschi-10-18-2025
Goalkeeper Saves,5,2,general,,,,,,nevschi-10-18-2025
Clearances,7,3,general,,,,,,nevschi-10-18-2025
Fouls,10,17,general,,,,,,nevschi-10-18-2025
Yellow Cards,2,1,general,,,,,,nevschi-10-18-2025
Red Cards,0,0,general,,,,,,nevschi-10-18-2025
Overall %,79.7,87.3,general,,,,,,nevschi-10-18-2025
Open Play Pass %,81.5,87.3,general,,,,,,nevschi-10-18-2025
Set Piece Cross %,50,0,general,,,,,,nevschi-10-18-2025
Open Play Cross %,12.5,11.1,general,,,,,,nevschi-10-18-2025
Goals,2,2,general,,,,,,nevschi-10-18-2025
On Target,4,5,general,,,,,,nevschi-10-18-2025
Off Target,6,15,general,,,,,,nevschi-10-18-2025
Blocked,1,4,general,,,,,,nevschi-10-18-2025
Goals Conceded,2,2,general,,,,,,nevschi-10-18-2025
Shots Against,8,16,general,,,,,,nevschi-10-18-2025
Clean Sheets,0,0,general,,,,,,nevschi-10-18-2025
XG Conceded,1.7,1.1,general,,,,,,nevschi-10-18-2025
Interceptions,2,2,general,,,,,,nevschi-10-18-2025
Goals,2,2,shooting,,,,,,nevschi-10-18-2025
On Target,4,5,shooting,,,,,,nevschi-10-18-2025
Off Target,3,7,shooting,,,,,,nevschi-10-18-2025
Blocked,1,4,shooting,,,,,,nevschi-10-18-2025
Overall %,79.7,87.3,passing,,,,,,nevschi-10-18-2025
Open Play Pass %,81.5,87.3,passing,,,,,,nevschi-10-18-2025
Set Piece Cross %,50,0,passing,,,,,,nevschi-10-18-2025
Open Play Cross %,12.5,11.1,passing,,,,,,nevschi-10-18-2025
,,,possession,bar_0,Home Possession: 55.06%,Home Advantage: 10.12%,Away Possession: 44.94%,Away Advantage: N/A,nevschi-10-18-2025
,,,possession,bar_1,Home Possession: 24.36%,Home Advantage: N/A,Away Possession: 75.64%,Away Advantage: 51.28%,nevschi-10-18-2025
,,,possession,bar_2,Home Possession: 35.16%,Home Advantage: N/A,Away Possession: 64.84%,Away Advantage: 29.68%,nevschi-10-18-2025
,,,possession,bar_3,Home Possession: 46.96%,Home Advantage: N/A,Away Possession: 53.04%,Away Advantage: 6.08%,nevschi-10-18-2025
,,,possession,bar_4,Home Possession: 29.19%,Home Advantage: N/A,Away Possession: 70.81%,Away Advantage: 41.62%,nevschi-10-18-2025
,,,possession,bar_5,Home Possession: 57.56%,Home Advantage: 15.12%,Away Possession: 42.44%,Away Advantage: N/A,nevschi-10-18-2025
,,,possession,bar_6,Home Possession: 33.03%,Home Advantage: N/A,Away Possession: 66.97%,Away Advantage: 33.94%,nevschi-10-18-2025
,,,possession,bar_7,Home Possession: 50.82%,Home Advantage: 1.64%,Away Possession: 49.18%,Away Advantage: N/A,nevschi-10-18-2025
,,,possession,bar_8,Home Possession: 50.57%,Home Advantage: 1.14%,Away Possession: 49.43%,Away Advantage: N/A,nevschi-10-18-2025
,,,possession,bar_2_0,Home Possession: 50.68%,Home Advantage: 1.36%,Away Possession: 49.32%,Away Advantage: N/A,nevschi-10-18-2025
,,,possession,bar_2_1,Home Possession: 61.15%,Home Advantage: 22.3%,Away Possession: 38.85%,Away Advantage: N/A,nevschi-10-18-2025
,,,possession,bar_2_2,Home Possession: 57.43%,Home Advantage: 14.86%,Away Possession: 42.57%,Away Advantage: N/A,nevschi-10-18-2025
,,,possession,bar_2_3,Home Possession: 39.69%,Home Advantage: N/A,Away Possession: 60.31%,Away Advantage: 20.62%,nevschi-10-18-2025
,,,possession,bar_2_4,Home Possession: 33.99%,Home Advantage: N/A,Away Possession: 66.01%,Away Advantage: 32.02%,nevschi-10-18-2025
,,,possession,bar_2_5,Home Possession: 41.69%,Home Advantage: N/A,Away Possession: 58.31%,Away Advantage: 16.62%,nevschi-10-18-2025
,,,possession,bar_2_6,Home Possession: 58.19%,Home Advantage: 16.38%,Away Possession: 41.81%,Away Advantage: N/A,nevschi-10-18-2025
,,,possession,bar_2_7,Home Possession: 34.7%,Home Advantage: N/A,Away Possession: 65.3%,Away Advantage: 30.6%,nevschi-10-18-2025
,,,possession,bar_2_8,Home Possession: 46.95%,Home Advantage: N/A,Away Possession: 53.05%,Away Advantage: 6.1%,nevschi-10-18-2025
Total Team XG,1,1.7,xg,,,,,,nevschi-10-18-2025
Shots,8,16,xg,,,,,,nevschi-10-18-2025
Shots On Target,4,5,xg,,,,,,nevschi-10-18-2025
Possession %,43.9,56.1,general,,,,,,cltvsphi-10-18-2025
Shots,8,24,general,,,,,,cltvsphi-10-18-2025
Shots on Goal,5,6,general,,,,,,cltvsphi-10-18-2025
Blocked Shots,0,5,general,,,,,,cltvsphi-10-18-2025
Total Passes,389,534,general,,,,,,cltvsphi-10-18-2025
Passing Accuracy %,81,84.8,general,,,,,,cltvsphi-10-18-2025
Corners,4,12,general,,,,,,cltvsphi-10-18-2025
Total Crosses,6,12,general,,,,,,cltvsphi-10-18-2025
Offsides,0,2,general,,,,,,cltvsphi-10-18-2025
Aerial Duels Won,5,11,general,,,,,,cltvsphi-10-18-2025
Expected Goals,1.1,2.1,general,,,,,,cltvsphi-10-18-2025
Goalkeeper Saves,6,3,general,,,,,,cltvsphi-10-18-2025
Clearances,16,2,general,,,,,,cltvsphi-10-18-2025
Fouls,5,13,general,,,,,,cltvsphi-10-18-2025
Yellow Cards,2,4,general,,,,,,cltvsphi-10-18-2025
Red Cards,1,0,general,,,,,,cltvsphi-10-18-2025
Overall %,81,84.8,general,,,,,,cltvsphi-10-18-2025
Open Play Pass %,80.6,84.6,general,,,,,,cltvsphi-10-18-2025
Set Piece Cross %,50,28.6,general,,,,,,cltvsphi-10-18-2025
Open Play Cross %,50,25,general,,,,,,cltvsphi-10-18-2025
Goals,2,0,general,,,,,,cltvsphi-10-18-2025
On Target,5,6,general,,,,,,cltvsphi-10-18-2025
Off Target,6,24,general,,,,,,cltvsphi-10-18-2025
Blocked,0,5,general,,,,,,cltvsphi-10-18-2025
Goals Conceded,0,2,general,,,,,,cltvsphi-10-18-2025
Shots Against,8,24,general,,,,,,cltvsphi-10-18-2025
Clean Sheets,0,0,general,,,,,,cltvsphi-10-18-2025
XG Conceded,2.1,1.1,general,,,,,,cltvsphi-10-18-2025
Interceptions,2,0,general,,,,,,cltvsphi-10-18-2025
Goals,2,0,shooting,,,,,,cltvsphi-10-18-2025
On Target,5,6,shooting,,,,,,cltvsphi-10-18-2025
Off Target,3,11,shooting,,,,,,cltvsphi-10-18-2025
Blocked,0,5,shooting,,,,,,cltvsphi-10-18-2025
Overall %,81,84.8,passing,,,,,,cltvsphi-10-18-2025
Open Play Pass %,80.6,84.6,passing,,,,,,cltvsphi-10-18-2025
Set Piece Cross %,50,28.6,passing,,,,,,cltvsphi-10-18-2025
Open Play Cross %,50,25,passing,,,,,,cltvsphi-10-18-2025
,,,possession,bar_0,Home Possession: 53.16%,Home Advantage: 6.32%,Away Possession: 46.84%,Away Advantage: N/A,cltvsphi-10-18-2025
,,,possession,bar_1,Home Possession: 53.72%,Home Advantage: 7.44%,Away Possession: 46.28%,Away Advantage: N/A,cltvsphi-10-18-2025
,,,possession,bar_2,Home Possession: 53.04%,Home Advantage: 6.08%,Away Possession: 46.96%,Away Advantage: N/A,cltvsphi-10-18-2025
,,,possession,bar_3,Home Possession: 75.14%,Home Advantage: 50.28%,Away Possession: 24.86%,Away Advantage: N/A,cltvsphi-10-18-2025
,,,possession,bar_4,Home Possession: 65.78%,Home Advantage: 31.56%,Away Possession: 34.22%,Away Advantage: N/A,cltvsphi-10-18-2025
,,,possession,bar_5,Home Possession: 49.77%,Home Advantage: N/A,Away Possession: 50.23%,Away Advantage: 0.46%,cltvsphi-10-18-2025
,,,possession,bar_6,Home Possession: 48.29%,Home Advantage: N/A,Away Possession: 51.71%,Away Advantage: 3.42%,cltvsphi-10-18-2025
,,,possession,bar_7,Home Possession: 44.55%,Home Advantage: N/A,Away Possession: 55.45%,Away Advantage: 10.9%,cltvsphi-10-18-2025
,,,possession,bar_8,Home Possession: 29.94%,Home Advantage: N/A,Away Possession: 70.06%,Away Advantage: 40.12%,cltvsphi-10-18-2025
,,,possession,bar_2_0,Home Possession: 35.86%,Home Advantage: N/A,Away Possession: 64.14%,Away Advantage: 28.28%,cltvsphi-10-18-2025
,,,possession,bar_2_1,Home Possession: 27.21%,Home Advantage: N/A,Away Possession: 72.79%,Away Advantage: 45.58%,cltvsphi-10-18-2025
,,,possession,bar_2_2,Home Possession: 41.6%,Home Advantage: N/A,Away Possession: 58.4%,Away Advantage: 16.8%,cltvsphi-10-18-2025
,,,possession,bar_2_3,Home Possession: 48.69%,Home Advantage: N/A,Away Possession: 51.31%,Away Advantage: 2.62%,cltvsphi-10-18-2025
,,,possession,bar_2_4,Home Possession: 29.5%,Home Advantage: N/A,Away Possession: 70.5%,Away Advantage: 41%,cltvsphi-10-18-2025
,,,possession,bar_2_5,Home Possession: 32.55%,Home Advantage: N/A,Away Possession: 67.45%,Away Advantage: 34.9%,cltvsphi-10-18-2025
,,,possession,bar_2_6,Home Possession: 48.08%,Home Advantage: N/A,Away Possession: 51.92%,Away Advantage: 3.84%,cltvsphi-10-18-2025
,,,possession,bar_2_7,Home Possession: 29.85%,Home Advantage: N/A,Away Possession: 70.15%,Away Advantage: 40.3%,cltvsphi-10-18-2025
,,,possession,bar_2_8,Home Possession: 44.32%,Home Advantage: N/A,Away Possession: 55.68%,Away Advantage: 11.36%,cltvsphi-10-18-2025
Total Team XG,1.1,2.1,xg,,,,,,cltvsphi-10-18-2025
Shots,8,24,xg,,,,,,cltvsphi-10-18-2025
Shots On Target,5,6,xg,,,,,,cltvsphi-10-18-2025
