player_name,minutes,goals,expected_goals,shot_conv_perc,on_target,pass_perc,assists,passes,cross,corner_kick,key_pass,aerial,aerial_perc,fouls,fouls_against,offside,yellow_card,red_card,side,club,GS,GA,XGA,Pass,THRW,LB,LNCH,GK,CC,match_id_hash
Z. Bassong,78,0,0,0,0,88.9,0,40,2,3,2,0,0,3,1,0,1,0,home,SKC,,,,,,,,,,30dae517
M. Toye,12,0,0,0,0,100,0,1,0,0,0,1,25,1,0,0,0,0,home,SKC,,,,,,,,,,30dae517
M. Rodríguez,0,0,0,0,0,0,0,0,0,0,0,0,0,0,0,0,0,0,home,SKC,,,,,,,,,,30dae517
D. Joveljić,90,0,0.49,3,0,72.2,0,13,0,0,0,4,100,2,3,0,0,0,home,SKC,,,,,,,,,,30dae517
L. Ndenbe,90,0,0,0,0,87,0,47,0,0,0,0,0,0,3,0,0,0,home,SKC,,,,,,,,,,30dae517
J. Davis,22,0,0,0,0,81.8,0,9,0,0,0,0,0,0,0,0,1,0,home,SKC,,,,,,,,,,30dae517
E. Thommy,78,0,0.05,1,0,87.2,0,34,1,3,0,0,0,1,3,0,0,0,home,SKC,,,,,,,,,,30dae517
K. Shelton,90,0,0,0,0,84.6,0,44,0,0,0,0,0,1,0,0,0,0,home,SKC,,,,,,,,,,30dae517
D. Sallói,90,0,0.16,2,1,70.8,0,17,0,0,1,0,0,1,2,0,0,0,home,SKC,,,,,,,,,,30dae517
N. Radoja,68,0,0,0,0,87.3,0,48,0,0,0,2,100,3,4,0,0,0,home,SKC,,,,,,,,,,30dae517
T. Leibold,0,0,0,0,0,0,0,0,0,0,0,0,0,0,0,0,0,0,home,SKC,,,,,,,,,,30dae517
J. Bartlett,12,0,0,0,0,62.5,0,5,1,1,1,1,100,0,0,0,0,0,home,SKC,,,,,,,,,,30dae517
A. Montes,90,0,0.22,3,1,86.8,0,59,0,0,0,4,80,1,1,0,0,0,home,SKC,,,,,,,,,,30dae517
S. Muñóz,45,0,0,0,0,89.5,0,17,0,0,0,0,0,2,0,0,0,0,home,SKC,,,,,,,,,,30dae517
R. Schewe,0,0,0,0,0,0,0,0,0,0,0,0,0,0,0,0,0,0,home,SKC,,,,,,,,,,30dae517
I. James,0,0,0,0,0,0,0,0,0,0,0,0,0,0,0,0,0,0,home,SKC,,,,,,,,,,30dae517
M. García,45,0,0.05,1,0,65.2,0,15,0,0,1,0,0,1,0,0,0,0,home,SKC,,,,,,,,,,30dae517
J. Miller,90,0,0,0,0,84.8,0,50,0,0,0,0,0,1,0,0,0,0,home,SKC,,,,,,,,,,30dae517
S. Suleymanov,0,0,0,0,0,0,0,0,0,0,0,0,0,0,0,0,0,0,home,SKC,,,,,,,,,,30dae517
J. Artur,90,0,0,0,0,89.7,0,61,0,0,0,0,0,1,0,0,0,0,home,SKC,,,,,,,,,,30dae517
J. Maurer,0,0,0,0,0,0,0,0,0,0,0,0,0,0,0,0,0,0,home,SKC,,,,,,,,,,30dae517
E. Bartlow,0,0,0,0,0,0,0,0,0,0,0,0,0,0,0,0,0,0,home,SKC,,,,,,,,,,30dae517
G. Dorsey,90,0,0,0,0,90,0,27,2,2,1,1,50,1,1,0,0,0,home,SKC,,,,,,,,,,30dae517
B. Raines,80,0,0,0,0,93.5,0,43,0,0,0,0,0,2,6,0,0,0,home,SKC,,,,,,,,,,30dae517
N. Quiñones,10,0,0,0,0,50,0,1,1,0,1,0,0,0,0,0,0,0,home,SKC,,,,,,,,,,30dae517
É. Dueñas,0,0,0,0,0,0,0,0,0,0,0,0,0,0,0,0,0,0,home,SKC,,,,,,,,,,30dae517
A. Carlos,90,0,0,0,0,87.3,0,69,0,0,0,1,33.33,2,0,0,1,0,home,SKC,,,,,,,,,,30dae517
G. Segal,0,0,0,0,0,0,0,0,0,0,0,0,0,0,0,0,0,0,home,SKC,,,,,,,,,,30dae517
E. Sviatchenko,90,0,0,0,0,77.5,0,38,0,0,0,3,100,0,1,0,0,0,home,SKC,,,,,,,,,,30dae517
S. Kowalczyk,22,0,0,0,0,86.7,0,13,1,0,1,0,0,0,0,0,0,0,home,SKC,,,,,,,,,,30dae517
J. Urso,10,0,0,0,0,85.7,0,6,0,0,0,0,0,1,1,0,1,0,home,SKC,,,,,,,,,,30dae517
E. Ponce,90,0,0.42,4,1,56.5,0,13,0,0,1,1,33.33,1,2,0,0,0,home,SKC,,,,,,,,,,30dae517
L. Ennali,90,0,0.22,3,3,82.9,0,34,0,0,0,0,0,2,0,0,1,0,home,SKC,,,,,,,,,,30dae517
F. Andrade,90,0,0.07,1,1,84.6,0,44,0,0,1,4,80,2,4,0,0,0,home,SKC,,,,,,,,,,30dae517
D. Holmes,68,0,0,0,0,65,0,13,0,0,0,0,0,4,0,1,1,0,home,SKC,,,,,,,,,,30dae517
O. Lingr,80,0,0.08,1,1,96.8,0,30,0,3,3,0,0,2,1,0,0,0,home,SKC,,,,,,,,,,30dae517
P. Ortiz,0,0,0,0,0,0,0,0,0,0,0,0,0,0,0,0,0,0,home,SKC,,,,,,,,,,30dae517
D. Samassékou,0,0,0,0,0,0,0,0,0,0,0,0,0,0,0,0,0,0,home,SKC,,,,,,,,,,30dae517
J. Pulskamp,90,0,,0,,76.2,0,0,,,,,,0,1,,1,0,home,SKC,6,0,0,16,0,2,0,0,0,30dae517
J. Bond,90,0,,0,,75,0,1,,,,,,0,0,,0,0,home,SKC,2,0,0,24,0,6,0,0,0,30dae517
B. Acosta,2,0,0,0,0,90.9,0,10,0,0,0,0,0,1,0,0,0,0,home,NSH,,,,,,,,,,8dd08bf6
A. Nájar,90,0,0,0,0,78.6,0,33,0,0,1,0,0,1,2,0,0,0,home,NSH,,,,,,,,,,8dd08bf6
G. Brugman,17,0,0.02,1,0,85.7,0,24,0,0,0,0,0,0,0,0,0,0,home,NSH,,,,,,,,,,8dd08bf6
D. Lovitz,90,0,0,0,0,81.6,0,31,0,0,3,0,0,0,0,0,0,0,home,NSH,,,,,,,,,,8dd08bf6
J. Maher,90,0,0,0,0,91.3,0,42,0,0,0,0,0,0,1,0,0,0,home,NSH,,,,,,,,,,8dd08bf6
J. Bauer,17,0,0,0,0,87.5,0,7,0,0,0,0,0,0,0,0,0,0,home,NSH,,,,,,,,,,8dd08bf6
W. Zimmerman,90,0,0.23,1,0,96.2,0,50,0,0,0,0,0,2,0,0,0,0,home,NSH,,,,,,,,,,8dd08bf6
H. Mukhtar,88,0,0.4,2,0,100,1,27,1,3,2,0,0,1,1,1,1,0,home,NSH,,,,,,,,,,8dd08bf6
A. Muyl,73,0,0.27,2,1,75,0,15,0,0,0,0,0,0,1,0,0,0,home,NSH,,,,,,,,,,8dd08bf6
J. Shaffelburg,56,1,0.95,1,1,60,0,6,1,0,1,0,0,0,0,1,0,0,home,NSH,,,,,,,,,,8dd08bf6
T. Bunbury,2,0,0,0,0,100,0,1,0,0,0,0,0,0,0,0,0,0,home,NSH,,,,,,,,,,8dd08bf6
T. Schmitt,0,0,0,0,0,0,0,0,0,0,0,0,0,0,0,0,0,0,home,NSH,,,,,,,,,,8dd08bf6
J. Knight,0,0,0,0,0,0,0,0,0,0,0,0,0,0,0,0,0,0,home,NSH,,,,,,,,,,8dd08bf6
T. Boyd,34,0,0,0,0,75,0,6,0,0,0,0,0,0,0,0,0,0,home,NSH,,,,,,,,,,8dd08bf6
S. Surridge,90,1,1.38,7,5,69.2,0,9,0,0,1,0,0,1,1,1,0,0,home,NSH,,,,,,,,,,8dd08bf6
P. Yazbek,73,0,0,0,0,87.9,0,29,0,0,1,0,0,2,0,0,0,0,home,NSH,,,,,,,,,,8dd08bf6
J. Palacios,0,0,0,0,0,0,0,0,0,0,0,0,0,0,0,0,0,0,home,NSH,,,,,,,,,,8dd08bf6
B. Schwake,0,0,0,0,0,0,0,0,0,0,0,0,0,0,0,0,0,0,home,NSH,,,,,,,,,,8dd08bf6
E. Tagseth,88,0,0,0,0,95.4,0,62,2,3,2,0,0,2,1,0,0,0,home,NSH,,,,,,,,,,8dd08bf6
W. Yarbrough,0,0,0,0,0,0,0,0,0,0,0,0,0,0,0,0,0,0,home,NSH,,,,,,,,,,8dd08bf6
F. Picault,0,0,0,0,0,0,0,0,0,0,0,0,0,0,0,0,0,0,home,NSH,,,,,,,,,,8dd08bf6
I. Fray,26,0,0,0,0,83.3,2,10,0,0,1,0,0,0,0,0,0,0,home,NSH,,,,,,,,,,8dd08bf6
N. Allen,0,0,0,0,0,0,0,0,0,0,0,0,0,0,0,0,0,0,home,NSH,,,,,,,,,,8dd08bf6
R. Sailor,0,0,0,0,0,0,0,0,0,0,0,0,0,0,0,0,0,0,home,NSH,,,,,,,,,,8dd08bf6
S. Busquets,90,0,0,0,0,95,0,94,0,0,1,0,0,0,0,0,0,0,home,NSH,,,,,,,,,,8dd08bf6
Ó. Ustari,0,0,0,0,0,0,0,0,0,0,0,0,0,0,0,0,0,0,home,NSH,,,,,,,,,,8dd08bf6
L. Messi,90,3,1.5,7,4,86,1,43,0,2,6,0,0,0,0,1,0,0,home,NSH,,,,,,,,,,8dd08bf6
J. Alba,90,0,0,0,0,84.8,1,67,0,0,3,0,0,0,0,0,0,0,home,NSH,,,,,,,,,,8dd08bf6
T. Avilés,8,0,0,0,0,100,0,6,0,0,0,0,0,0,0,0,0,0,home,NSH,,,,,,,,,,8dd08bf6
L. Suárez,90,0,0.51,3,2,88.5,0,23,0,0,2,0,0,0,3,1,0,0,home,NSH,,,,,,,,,,8dd08bf6
Y. Bright,17,0,0,0,0,100,0,13,0,0,0,0,0,1,2,0,0,0,home,NSH,,,,,,,,,,8dd08bf6
M. Weigandt,64,0,0,0,0,90.6,0,29,0,0,0,0,0,0,2,0,0,0,home,NSH,,,,,,,,,,8dd08bf6
R. De Paul,90,0,0.09,2,0,92.6,0,88,0,0,0,0,0,1,2,0,1,0,home,NSH,,,,,,,,,,8dd08bf6
T. Segovia,26,1,0.94,1,1,94.4,0,17,0,0,0,0,0,1,0,0,0,0,home,NSH,,,,,,,,,,8dd08bf6
T. Allende,82,0,0.9,2,0,93.8,0,15,0,0,0,0,0,1,0,2,1,0,home,NSH,,,,,,,,,,8dd08bf6
G. Luján,64,0,0,0,0,94.7,0,36,0,0,0,0,0,1,0,0,0,0,home,NSH,,,,,,,,,,8dd08bf6
M. Falcón,90,0,0,0,0,96,0,73,0,0,0,0,0,1,0,0,0,0,home,NSH,,,,,,,,,,8dd08bf6
B. Rodríguez,73,1,1.34,3,2,94.2,0,49,0,1,0,0,0,1,0,0,0,0,home,NSH,,,,,,,,,,8dd08bf6
J. Willis,90,0,,0,,81.5,0,0,,,,,,0,0,,0,0,home,NSH,4,5,0,22,0,5,0,0,0,8dd08bf6
R. Ríos Novo,90,0,,0,,92.9,0,0,,,,,,0,0,,0,0,home,NSH,5,2,0,26,0,3,0,0,0,8dd08bf6
W. Omsberg,0,0,0,0,0,0,0,0,0,0,0,0,0,0,0,0,0,0,home,NE,,,,,,,,,,4358c7d6
W. Sands,90,0,0,0,0,81,0,17,0,0,0,0,0,2,1,0,0,0,home,NE,,,,,,,,,,4358c7d6
L. Campana,61,0,0.15,2,1,50,0,4,0,0,0,0,0,1,1,0,0,0,home,NE,,,,,,,,,,4358c7d6
A. Farrell,19,0,0,0,0,100,0,5,0,0,0,0,0,0,2,0,0,0,home,NE,,,,,,,,,,4358c7d6
B. Bye,4,0,0,0,0,66.7,0,2,0,0,0,0,0,0,0,0,0,0,home,NE,,,,,,,,,,4358c7d6
C. Gil,90,0,0,0,0,77.8,1,49,1,2,3,0,0,0,2,0,0,0,home,NE,,,,,,,,,,4358c7d6
T. Beason,90,0,0,0,0,86.2,0,25,0,0,0,0,0,0,0,0,0,0,home,NE,,,,,,,,,,4358c7d6
J. Yueill,71,0,0,0,0,82.5,0,33,0,0,0,0,0,0,3,0,0,0,home,NE,,,,,,,,,,4358c7d6
A. Bono,0,0,0,0,0,0,0,0,0,0,0,0,0,0,0,0,0,0,home,NE,,,,,,,,,,4358c7d6
K. Hughes,90,0,0.29,2,1,89.2,0,33,0,0,0,0,0,1,1,0,0,0,home,NE,,,,,,,,,,4358c7d6
E. Klein,0,0,0,0,0,0,0,0,0,0,0,0,0,0,0,0,0,0,home,NE,,,,,,,,,,4358c7d6
T. Chancalay,29,0,0,0,0,55.6,0,5,0,0,0,0,0,1,2,0,0,0,home,NE,,,,,,,,,,4358c7d6
G. Diarbian,0,0,0,0,0,0,0,0,0,0,0,0,0,0,0,0,0,0,home,NE,,,,,,,,,,4358c7d6
L. Langoni,4,0,0,0,0,50,0,1,0,0,0,0,0,1,0,0,1,0,home,NE,,,,,,,,,,4358c7d6
A. Yusuf,90,1,0.41,2,1,83,0,44,0,0,0,0,0,2,0,0,0,0,home,NE,,,,,,,,,,4358c7d6
M. Fofana,86,0,0,0,0,91.7,0,44,0,0,0,0,0,0,1,0,0,0,home,NE,,,,,,,,,,4358c7d6
A. Oyirwoth,0,0,0,0,0,0,0,0,0,0,0,0,0,0,0,0,0,0,home,NE,,,,,,,,,,4358c7d6
I. Feingold,86,0,0,0,0,86.5,0,32,1,0,1,0,0,1,3,0,0,0,home,NE,,,,,,,,,,4358c7d6
D. Turgeman,90,1,0.22,2,1,75,0,18,1,1,1,0,0,1,0,1,1,0,home,NE,,,,,,,,,,4358c7d6
A. Gutman,90,0,0.16,2,0,74.4,0,29,0,0,1,0,0,4,0,0,0,0,home,NE,,,,,,,,,,4358c7d6
J. Waterman,90,0,0,0,0,87.6,0,78,0,0,0,0,0,0,1,0,0,0,home,NE,,,,,,,,,,4358c7d6
M. Pineda,0,0,0,0,0,0,0,0,0,0,0,0,0,0,0,0,0,0,home,NE,,,,,,,,,,4358c7d6
S. Oregel,45,0,0.05,1,0,93.8,0,30,0,0,1,0,0,1,1,0,0,0,home,NE,,,,,,,,,,4358c7d6
B. Gutiérrez,45,0,0.17,2,2,90,0,36,0,0,5,0,0,1,3,0,0,0,home,NE,,,,,,,,,,4358c7d6
K. Acosta,0,0,0,0,0,0,0,0,0,0,0,0,0,0,0,0,0,0,home,NE,,,,,,,,,,4358c7d6
O. González,0,0,0,0,0,0,0,0,0,0,0,0,0,0,0,0,0,0,home,NE,,,,,,,,,,4358c7d6
T. Barlow,0,0,0,0,0,0,0,0,0,0,0,0,0,0,0,0,0,0,home,NE,,,,,,,,,,4358c7d6
J. Elliott,90,0,0.05,1,0,89.5,0,60,0,0,0,0,0,3,0,0,1,0,home,NE,,,,,,,,,,4358c7d6
J. Dean,81,0,0,0,0,90.3,0,28,0,0,0,0,0,0,1,0,0,0,home,NE,,,,,,,,,,4358c7d6
J. Gal,0,0,0,0,0,0,0,0,0,0,0,0,0,0,0,0,0,0,home,NE,,,,,,,,,,4358c7d6
M. Haile-Selassie,32,0,0.07,1,0,80,1,12,0,0,1,0,0,0,0,0,0,0,home,NE,,,,,,,,,,4358c7d6
J. Reynolds,9,0,0,0,0,88.9,0,8,0,0,0,0,0,0,0,0,0,0,home,NE,,,,,,,,,,4358c7d6
S. Rogers,45,0,0,0,0,93.9,0,31,0,0,0,0,0,0,0,0,0,0,home,NE,,,,,,,,,,4358c7d6
H. Cuypers,90,0,0.38,2,0,68.2,1,15,0,0,2,0,0,1,0,0,0,0,home,NE,,,,,,,,,,4358c7d6
J. Bamba,58,0,0.09,1,1,80.8,0,21,0,1,3,0,0,2,2,0,0,0,home,NE,,,,,,,,,,4358c7d6
P. Zinckernagel,90,1,0.78,4,2,78.7,0,37,1,3,1,0,0,4,2,0,0,0,home,NE,,,,,,,,,,4358c7d6
R. Kouamé,45,0,0.03,1,0,95.7,0,44,0,0,0,0,0,0,0,0,0,0,home,NE,,,,,,,,,,4358c7d6
D. D’Avilla,90,0,0.05,1,0,92.4,0,73,0,0,1,0,0,1,0,0,0,0,home,NE,,,,,,,,,,4358c7d6
M. Turner,90,0,,0,,53.7,0,0,,,,,,0,0,,0,0,home,NE,4,2,0,22,0,10,0,0,0,4358c7d6
C. Brady,90,0,,0,,77.3,0,0,,,,,,0,0,,0,0,home,NE,2,2,0,17,0,3,0,0,0,4358c7d6
N. Byrne,90,0,0,0,0,85.4,0,35,0,0,0,0,0,0,1,0,0,0,home,CLT,,,,,,,,,,4f298de1
A. Malanda,90,0,0,0,0,94.7,1,36,0,0,0,0,0,0,0,0,0,0,home,CLT,,,,,,,,,,4f298de1
B. Bronico,82,0,0.17,1,0,65.4,0,17,1,0,1,0,0,1,0,0,0,0,home,CLT,,,,,,,,,,4f298de1
K. Vargas,83,1,0.15,2,1,57.1,1,20,1,0,3,0,0,0,1,0,0,0,home,CLT,,,,,,,,,,4f298de1
D. Bingham,0,0,0,0,0,0,0,0,0,0,0,0,0,0,0,0,0,0,home,CLT,,,,,,,,,,4f298de1
E. Williamson,0,0,0,0,0,0,0,0,0,0,0,0,0,0,0,0,0,0,home,CLT,,,,,,,,,,4f298de1
B. Tuiloma,0,0,0,0,0,0,0,0,0,0,0,0,0,0,0,0,0,0,home,CLT,,,,,,,,,,4f298de1
J. Marshall-Rutty,27,0,0,0,0,88.9,0,8,0,0,0,0,0,0,0,0,1,0,home,CLT,,,,,,,,,,4f298de1
A. Privett,0,0,0,0,0,0,0,0,0,0,0,0,0,0,0,0,0,0,home,CLT,,,,,,,,,,4f298de1
A. Westwood,90,0,0.14,1,0,84,0,42,1,3,1,0,0,0,2,0,0,0,home,CLT,,,,,,,,,,4f298de1
T. Ream,90,0,0,0,0,92.6,0,50,0,0,0,0,0,0,0,0,0,0,home,CLT,,,,,,,,,,4f298de1
D. Diani,90,0,0.17,1,1,96.4,0,27,0,0,0,0,0,2,0,0,0,0,home,CLT,,,,,,,,,,4f298de1
T. Smalls,0,0,0,0,0,0,0,0,0,0,0,0,0,0,0,0,0,0,home,CLT,,,,,,,,,,4f298de1
L. Abada,7,0,0,0,0,0,0,0,0,0,0,0,0,0,0,0,0,0,home,CLT,,,,,,,,,,4f298de1
I. Toklomati,89,0,0.25,2,2,69.2,0,9,0,0,1,0,0,1,1,0,0,0,home,CLT,,,,,,,,,,4f298de1
W. Zaha,89,1,0.28,1,1,77.8,0,21,0,0,1,0,0,1,7,0,1,0,home,CLT,,,,,,,,,,4f298de1
B. Coulibaly,8,0,0,0,0,100,0,3,0,0,0,0,0,0,0,0,0,0,home,CLT,,,,,,,,,,4f298de1
H. Toffolo,63,0,0,0,0,76.5,1,26,1,1,1,0,0,0,1,0,0,0,home,CLT,,,,,,,,,,4f298de1
A. Goodwin,1,0,0,0,0,0,0,0,0,0,0,0,0,0,0,0,0,0,home,CLT,,,,,,,,,,4f298de1
B. Bender,0,0,0,0,0,0,0,0,0,0,0,0,0,0,0,0,0,0,home,CLT,,,,,,,,,,4f298de1
I. Vassilev,45,0,0.42,3,0,82.8,0,24,1,0,2,0,0,0,0,0,0,0,home,CLT,,,,,,,,,,4f298de1
J. Glesnes,90,0,0,0,0,93.1,0,67,0,0,0,0,0,2,0,0,0,0,home,CLT,,,,,,,,,,4f298de1
O. Mbaizo,0,0,0,0,0,0,0,0,0,0,0,0,0,0,0,0,0,0,home,CLT,,,,,,,,,,4f298de1
N. Harriel,78,0,0.06,2,0,79.1,0,34,0,0,2,0,0,3,0,0,1,0,home,CLT,,,,,,,,,,4f298de1
K. Wagner,90,0,0.05,1,0,83.6,0,56,4,10,6,0,0,0,0,0,0,0,home,CLT,,,,,,,,,,4f298de1
A. Bedoya,45,0,0.66,3,1,50,0,4,0,0,0,0,0,0,1,0,0,0,home,CLT,,,,,,,,,,4f298de1
J. Bueno,12,0,0,0,0,87.5,0,7,0,0,1,0,0,0,1,0,0,0,home,CLT,,,,,,,,,,4f298de1
M. Uhre,45,0,0.02,1,0,76.9,0,10,0,0,2,0,0,0,0,1,1,0,home,CLT,,,,,,,,,,4f298de1
C. Donovan,0,0,0,0,0,0,0,0,0,0,0,0,0,0,0,0,0,0,home,CLT,,,,,,,,,,4f298de1
M. Iloski,55,0,0.06,1,0,68,0,17,0,2,0,0,0,2,0,0,0,0,home,CLT,,,,,,,,,,4f298de1
F. Westfield,12,0,0,0,0,66.7,0,4,0,0,0,0,0,0,0,0,0,0,home,CLT,,,,,,,,,,4f298de1
A. Rick,0,0,0,0,0,0,0,0,0,0,0,0,0,0,0,0,0,0,home,CLT,,,,,,,,,,4f298de1
O. Makhanya,90,0,0,0,0,89.5,0,60,0,0,0,0,0,1,1,0,0,0,home,CLT,,,,,,,,,,4f298de1
T. Baribo,45,0,0.93,5,3,87.5,0,14,0,0,1,0,0,0,0,0,0,0,home,CLT,,,,,,,,,,4f298de1
C. Sullivan,35,0,0.12,2,1,81.8,0,9,0,0,1,0,0,0,0,1,0,0,home,CLT,,,,,,,,,,4f298de1
D. Jean Jacques,78,0,0.11,2,0,85.2,0,46,0,0,1,0,0,0,0,0,1,0,home,CLT,,,,,,,,,,4f298de1
J. Lukic,90,0,0.07,2,0,90.8,0,59,0,0,2,0,0,3,0,0,0,0,home,CLT,,,,,,,,,,4f298de1
B. Damiani,90,0,0.29,3,1,85.2,0,23,0,0,3,0,0,2,1,0,1,0,home,CLT,,,,,,,,,,4f298de1
K. Kahlina,90,0,,0,,67.7,0,1,,,,,,0,0,,0,0,home,CLT,6,0,0,23,0,9,0,0,0,4f298de1
A. Blake,90,0,,0,,81,0,0,,,,,,0,0,,0,0,home,CLT,3,2,0,17,0,4,0,0,0,4f298de1
D. Fagúndez,90,0,0.27,1,1,88.7,0,63,0,2,2,0,0,4,0,0,0,0,home,LA,,,,,,,,,,04a4ef01
M. Berry,8,0,0,0,0,100,0,2,0,0,0,0,0,1,0,0,0,0,home,LA,,,,,,,,,,04a4ef01
J. Nelson,90,0,0,0,0,83,0,39,0,0,1,0,0,0,0,0,0,0,home,LA,,,,,,,,,,04a4ef01
E. Cerrillo,89,0,0.05,1,0,89.7,0,61,0,0,1,0,0,7,1,0,1,0,home,LA,,,,,,,,,,04a4ef01
E. Zavaleta,9,0,0,0,0,100,0,8,0,0,0,0,0,0,0,0,0,0,home,LA,,,,,,,,,,04a4ef01
J. Marcinkowski,0,0,0,0,0,0,0,0,0,0,0,0,0,0,0,0,0,0,home,LA,,,,,,,,,,04a4ef01
C. Ramírez,0,0,0,0,0,0,0,0,0,0,0,0,0,0,0,0,0,0,home,LA,,,,,,,,,,04a4ef01
M. Cuevas,81,0,0,0,0,84.6,0,55,2,0,0,0,0,0,2,0,0,0,home,LA,,,,,,,,,,04a4ef01
M. Yoshida,90,0,0,0,0,95.2,0,80,0,0,0,0,0,0,0,0,0,0,home,LA,,,,,,,,,,04a4ef01
M. Yamane,16,0,0,0,0,75,0,9,0,0,0,0,0,0,0,0,0,0,home,LA,,,,,,,,,,04a4ef01
G. Pec,90,0,0.15,3,3,81.8,0,54,0,5,1,0,0,0,2,0,0,0,home,LA,,,,,,,,,,04a4ef01
J. Paintsil,89,1,1.14,4,2,92.9,0,26,0,0,0,0,0,0,1,0,0,0,home,LA,,,,,,,,,,04a4ef01
T. Lepley,1,0,0,0,0,0,0,0,0,0,0,0,0,0,0,0,0,0,home,LA,,,,,,,,,,04a4ef01
E. Wynder,82,0,0,0,0,75,0,24,0,0,1,0,0,1,2,0,0,0,home,LA,,,,,,,,,,04a4ef01
E. Garces,90,0,0,0,0,96,0,73,0,0,0,0,0,1,2,0,0,0,home,LA,,,,,,,,,,04a4ef01
M. Jørgensen,0,0,0,0,0,0,0,0,0,0,0,0,0,0,0,0,0,0,home,LA,,,,,,,,,,04a4ef01
M. Nascimento,74,1,0.32,2,2,81.8,0,9,0,0,0,0,0,0,1,0,0,0,home,LA,,,,,,,,,,04a4ef01
A. Markanich,90,0,0.22,2,0,89.7,0,26,0,0,0,0,0,1,0,0,0,0,home,LA,,,,,,,,,,04a4ef01
M. Boxall,49,0,0,0,0,92,0,23,0,0,1,0,0,2,1,0,0,0,home,LA,,,,,,,,,,04a4ef01
D. Taylor,0,0,0,0,0,0,0,0,0,0,0,0,0,0,0,0,0,0,home,LA,,,,,,,,,,04a4ef01
J. Rosales,90,0,0.08,1,0,78.1,0,25,0,0,2,0,0,1,5,0,0,0,home,LA,,,,,,,,,,04a4ef01
R. Lod,77,0,0.15,2,1,87,0,20,0,0,1,0,0,0,0,0,0,0,home,LA,,,,,,,,,,04a4ef01
W. Trapp,65,0,0,0,0,77.8,0,21,0,0,0,0,0,1,0,0,0,0,home,LA,,,,,,,,,,04a4ef01
H. Dotson,25,0,0,0,0,94.7,0,18,0,0,0,0,0,0,3,0,0,0,home,LA,,,,,,,,,,04a4ef01
B. Hlongwane,90,0,0.03,1,0,83.3,0,20,0,0,0,0,0,0,0,0,0,0,home,LA,,,,,,,,,,04a4ef01
J. Gressel,0,0,0,0,0,0,0,0,0,0,0,0,0,0,0,0,0,0,home,LA,,,,,,,,,,04a4ef01
A. Smir,0,0,0,0,0,0,0,0,0,0,0,0,0,0,0,0,0,0,home,LA,,,,,,,,,,04a4ef01
M. Duggan,41,0,0,0,0,100,0,15,0,0,0,0,0,0,0,0,0,0,home,LA,,,,,,,,,,04a4ef01
M. Dieng,0,0,0,0,0,0,0,0,0,0,0,0,0,0,0,0,0,0,home,LA,,,,,,,,,,04a4ef01
K. Yeboah,12,0,0,0,0,0,0,0,0,0,0,0,0,1,0,0,0,0,home,LA,,,,,,,,,,04a4ef01
J. Diaz,78,0,0.13,1,0,82.1,0,23,1,0,2,0,0,0,0,0,0,0,home,LA,,,,,,,,,,04a4ef01
J. Pereyra,90,1,0.19,4,3,77.1,0,37,3,6,3,0,0,2,1,0,0,0,home,LA,,,,,,,,,,04a4ef01
N. Romero,90,0,0.03,1,0,90,0,36,0,0,0,0,0,2,1,0,1,0,home,LA,,,,,,,,,,04a4ef01
O. Gene,25,0,0,0,0,95.7,0,22,0,0,0,0,0,1,1,0,0,0,home,LA,,,,,,,,,,04a4ef01
D. Fitz,13,0,0,0,0,69.2,0,9,0,0,0,0,0,0,0,0,0,0,home,LA,,,,,,,,,,04a4ef01
N. Triantis,65,0,0.2,1,0,85.7,0,18,0,0,0,0,0,1,1,0,1,0,home,LA,,,,,,,,,,04a4ef01
N. Micovic,90,0,,0,,68.8,0,1,,,,,,0,0,,0,0,home,LA,3,1,0,22,0,10,0,0,0,04a4ef01
D. St. Clair,90,0,,0,,71.9,0,0,,,,,,0,1,,0,0,home,LA,5,2,0,23,0,7,0,0,0,04a4ef01
D. Mihailovic,90,2,0.31,3,3,80.6,1,29,2,2,1,1,100,2,2,0,0,0,home,TOR,,,,,,,,,,fa05623c
D. Etienne Jr.,70,0,0.07,1,0,86.4,1,19,0,0,1,0,0,1,2,0,1,0,home,TOR,,,,,,,,,,fa05623c
J. Cifuentes,90,0,0.02,1,0,84.6,1,33,1,0,4,2,40,0,0,0,0,0,home,TOR,,,,,,,,,,fa05623c
L. Gavran,0,0,0,0,0,0,0,0,0,0,0,0,0,0,0,0,0,0,home,TOR,,,,,,,,,,fa05623c
R. Laryea,90,0,0.08,1,0,91.7,0,22,0,0,0,0,0,4,1,0,1,0,home,TOR,,,,,,,,,,fa05623c
J. Osorio,90,1,0.51,3,2,93.3,0,42,0,0,1,0,0,1,2,0,0,0,home,TOR,,,,,,,,,,fa05623c
K. Thompson,90,0,0,0,0,88.2,0,30,0,0,0,1,100,2,1,0,0,0,home,TOR,,,,,,,,,,fa05623c
D. Kerr,62,1,0.98,2,1,62.5,0,5,0,0,0,3,37.5,2,2,1,0,0,home,TOR,,,,,,,,,,fa05623c
K. Franklin,62,0,0.02,1,0,84.2,0,16,0,0,0,0,0,0,0,0,0,0,home,TOR,,,,,,,,,,fa05623c
M. Cimermancic,6,0,0,0,0,50,0,1,0,0,0,0,0,2,0,0,0,0,home,TOR,,,,,,,,,,fa05623c
L. Stefanović,5,0,0,0,0,75,0,3,0,0,0,0,0,0,0,0,0,0,home,TOR,,,,,,,,,,fa05623c
R. Petretta,28,0,0,0,0,91.7,0,11,0,0,0,0,0,0,0,0,0,0,home,TOR,,,,,,,,,,fa05623c
S. Rosted,85,0,0,0,0,89.5,0,17,0,0,0,1,100,0,0,0,0,0,home,TOR,,,,,,,,,,fa05623c
J. Vilsaint,28,0,0,0,0,100,0,6,0,0,0,1,33.33,0,2,1,0,0,home,TOR,,,,,,,,,,fa05623c
A. De Rosario,0,0,0,0,0,0,0,0,0,0,0,0,0,0,0,0,0,0,home,TOR,,,,,,,,,,fa05623c
N. Edwards,0,0,0,0,0,0,0,0,0,0,0,0,0,0,0,0,0,0,home,TOR,,,,,,,,,,fa05623c
T. Corbeanu,84,0,0,0,0,79.2,1,19,1,0,1,1,100,2,2,0,1,0,home,TOR,,,,,,,,,,fa05623c
M. Henry,20,0,0,0,0,0,0,0,0,0,0,0,0,1,0,0,1,0,home,TOR,,,,,,,,,,fa05623c
J. Otero,0,0,0,0,0,0,0,0,0,0,0,0,0,0,0,0,0,0,home,TOR,,,,,,,,,,fa05623c
R. Schlegel,90,0,0.03,1,0,93.2,0,55,0,0,0,4,80,3,0,0,0,0,home,TOR,,,,,,,,,,fa05623c
K. Smith,78,0,0.11,2,0,93.3,0,42,0,0,1,1,33.33,0,2,0,0,0,home,TOR,,,,,,,,,,fa05623c
A. Freeman,90,0,0.05,1,0,85,1,51,0,0,5,2,50,3,1,1,0,0,home,TOR,,,,,,,,,,fa05623c
T. Williams,0,0,0,0,0,0,0,0,0,0,0,0,0,0,0,0,0,0,home,TOR,,,,,,,,,,fa05623c
I. Angulo,62,0,0.33,3,1,95.2,0,20,0,0,3,0,0,0,0,0,0,0,home,TOR,,,,,,,,,,fa05623c
C. Araújo,28,0,0,0,0,88.2,0,30,0,0,1,0,0,1,0,0,0,0,home,TOR,,,,,,,,,,fa05623c
E. Atuesta,87,0,0.64,4,0,83.9,0,52,0,0,0,2,66.67,4,2,0,0,0,home,TOR,,,,,,,,,,fa05623c
Z. Taifi,0,0,0,0,0,0,0,0,0,0,0,0,0,0,0,0,0,0,home,TOR,,,,,,,,,,fa05623c
D. Thorhallsson,12,0,0.37,1,0,87.5,0,14,0,0,0,0,0,0,1,1,0,0,home,TOR,,,,,,,,,,fa05623c
M. Ojeda,90,0,0.39,6,3,88.6,0,39,3,5,5,0,0,1,1,0,0,0,home,TOR,,,,,,,,,,fa05623c
D. McGuire,90,1,0.29,2,2,71.4,0,15,1,0,4,1,33.33,2,2,0,1,0,home,TOR,,,,,,,,,,fa05623c
T. Spicer,45,0,0.1,3,1,83.3,0,10,0,0,1,0,0,0,0,0,0,0,home,TOR,,,,,,,,,,fa05623c
D. Brekalo,90,1,0.43,2,1,94.4,0,67,0,0,1,3,60,1,1,0,0,0,home,TOR,,,,,,,,,,fa05623c
L. Muriel,27,0,0,0,0,75,1,9,0,0,1,0,0,0,1,0,0,0,home,TOR,,,,,,,,,,fa05623c
C. Guske,3,0,0,0,0,100,0,9,0,0,0,0,0,0,0,0,0,0,home,TOR,,,,,,,,,,fa05623c
M. Pašalić,63,0,0.32,6,2,73.1,1,19,1,3,1,0,0,1,2,0,0,0,home,TOR,,,,,,,,,,fa05623c
N. Rodríguez,0,0,0,0,0,0,0,0,0,0,0,0,0,0,0,0,0,0,home,TOR,,,,,,,,,,fa05623c
A. Marín,45,0,0,0,0,78.6,0,22,0,0,0,0,0,1,0,1,1,0,home,TOR,,,,,,,,,,fa05623c
S. Johnson,90,0,,0,,53.5,0,0,,,,,,0,0,,0,0,home,TOR,8,2,0,23,0,15,0,0,0,fa05623c
P. Gallese,90,0,,0,,85.7,0,0,,,,,,0,0,,0,0,home,TOR,2,4,0,12,0,3,0,0,0,fa05623c
K. Miller,90,0,0,0,0,78.1,0,25,0,0,0,1,50,0,1,0,0,0,home,POR,,,,,,,,,,afeca011
A. Lassiter,0,0,0,0,0,0,0,0,0,0,0,0,0,0,0,0,0,0,home,POR,,,,,,,,,,afeca011
M. Crépeau,0,0,0,0,0,0,0,0,0,0,0,0,0,0,0,0,0,0,home,POR,,,,,,,,,,afeca011
O. Fernández,0,0,0,0,0,0,0,0,0,0,0,0,0,0,0,0,0,0,home,POR,,,,,,,,,,afeca011
D. Zuparic,90,0,0,0,0,82.6,0,19,0,0,0,2,100,0,1,0,0,0,home,POR,,,,,,,,,,afeca011
J. Mosquera,36,0,0,0,0,93.8,0,15,0,0,0,0,0,0,0,0,0,0,home,POR,,,,,,,,,,afeca011
D. Chará,36,0,0,0,0,96.3,0,26,0,0,0,0,0,1,1,0,0,0,home,POR,,,,,,,,,,afeca011
C. Paredes,45,0,0,0,0,78.6,0,11,0,0,0,0,0,1,0,0,1,0,home,POR,,,,,,,,,,afeca011
D. Ayala,90,0,0,0,0,85.4,0,35,0,0,0,1,100,2,2,0,0,0,home,POR,,,,,,,,,,afeca011
F. Mora,17,0,0.3,2,1,100,0,3,0,0,0,1,100,0,0,0,0,0,home,POR,,,,,,,,,,afeca011
A. Alves Santos,90,0,0.16,1,0,72.7,0,24,0,0,0,0,0,0,1,1,0,0,home,POR,,,,,,,,,,afeca011
M. Rojas,36,0,0.19,3,0,72.7,0,8,0,1,0,1,100,1,1,1,0,0,home,POR,,,,,,,,,,afeca011
K. Kelsy,73,0,0,0,0,88.2,0,15,0,0,1,2,66.67,0,1,0,0,0,home,POR,,,,,,,,,,afeca011
J. Ortiz,54,0,0,0,0,92,0,23,0,0,0,0,0,2,0,0,1,0,home,POR,,,,,,,,,,afeca011
I. Smith,54,0,0,0,0,87.5,0,7,1,0,1,0,0,1,0,1,0,0,home,POR,,,,,,,,,,afeca011
J. Fory,45,0,0,0,0,93.3,0,14,0,0,0,1,100,1,1,0,0,0,home,POR,,,,,,,,,,afeca011
D. Da Costa,54,0,0,0,0,71.4,0,10,0,0,0,0,0,0,1,0,0,0,home,POR,,,,,,,,,,afeca011
G. Guerra,0,0,0,0,0,0,0,0,0,0,0,0,0,0,0,0,0,0,home,POR,,,,,,,,,,afeca011
K. Velde,90,0,0.38,5,1,87.5,0,14,1,2,3,0,0,2,4,1,0,0,home,POR,,,,,,,,,,afeca011
P. Sisniega,0,0,0,0,0,0,0,0,0,0,0,0,0,0,0,0,0,0,home,POR,,,,,,,,,,afeca011
C. Baird,90,0,0.17,1,0,82.3,0,28,1,0,0,0,0,1,1,1,0,0,home,POR,,,,,,,,,,afeca011
C. McVey,90,0,0,0,0,89.7,0,104,0,0,0,2,50,1,0,0,1,0,home,POR,,,,,,,,,,afeca011
A. Godoy,67,0,0,0,0,96.8,0,92,0,0,0,0,0,1,1,0,1,0,home,POR,,,,,,,,,,afeca011
E. Boateng,0,0,0,0,0,0,0,0,0,0,0,0,0,0,0,0,0,0,home,POR,,,,,,,,,,afeca011
F. Negri,0,0,0,0,0,0,0,0,0,0,0,0,0,0,0,0,0,0,home,POR,,,,,,,,,,afeca011
L. Bombino,90,0,0.1,2,0,86.8,0,59,2,0,5,0,0,1,0,1,0,0,home,POR,,,,,,,,,,afeca011
A. Pellegrino,67,2,0.72,4,2,66.7,1,14,0,2,1,0,0,0,0,1,0,0,home,POR,,,,,,,,,,afeca011
L. de la Torre,23,0,0.15,1,1,100,0,24,0,2,1,0,0,0,1,0,0,0,home,POR,,,,,,,,,,afeca011
J. Tverskov,67,0,0,0,0,96.9,2,94,0,0,1,2,66.67,1,1,0,0,0,home,POR,,,,,,,,,,afeca011
M. Ingvartsen,8,0,0,0,0,100,0,4,0,0,0,0,0,0,0,0,0,0,home,POR,,,,,,,,,,afeca011
A. Mighten,23,0,0.28,3,1,100,0,9,0,0,0,0,0,0,0,0,0,0,home,POR,,,,,,,,,,afeca011
A. Dreyer,90,2,0.4,3,2,87,1,60,0,1,2,0,0,1,0,0,0,0,home,POR,,,,,,,,,,afeca011
M. Duah,90,0,0,0,0,97.2,0,105,0,0,0,0,0,1,1,0,0,0,home,POR,,,,,,,,,,afeca011
I. Pilcher,0,0,0,0,0,0,0,0,0,0,0,0,0,0,0,0,0,0,home,POR,,,,,,,,,,afeca011
O. Valakari,90,0,0,0,0,86.8,2,46,0,0,2,0,0,3,3,0,0,0,home,POR,,,,,,,,,,afeca011
W. Kumado,27,0,0,0,0,83.3,0,10,0,0,0,0,0,1,0,0,0,0,home,POR,,,,,,,,,,afeca011
A. Harangi,55,0,0.27,2,0,96.8,0,30,1,0,0,0,0,1,2,0,0,0,home,POR,,,,,,,,,,afeca011
P. Soma,23,0,0,0,0,90.9,0,30,0,0,0,0,0,2,1,0,0,0,home,POR,,,,,,,,,,afeca011
J. Pantemis,90,0,,0,,57.7,0,1,,,,,,0,0,,0,0,home,POR,2,4,0,15,0,10,0,0,0,afeca011
C. dos Santos,90,0,,0,,93.3,0,1,,,,,,0,0,,0,0,home,POR,3,0,0,28,0,3,0,0,0,afeca011
J. Martínez,85,1,1.46,4,2,92.9,0,13,0,0,1,0,0,0,1,0,0,0,home,SJ,,,,,,,,,,25ffa4eb
N. Lima,0,0,0,0,0,0,0,0,0,0,0,0,0,0,0,0,0,0,home,SJ,,,,,,,,,,25ffa4eb
P. Judd,28,0,0.53,5,2,66.7,0,2,0,0,0,0,0,1,1,0,0,0,home,SJ,,,,,,,,,,25ffa4eb
C. Arango,85,0,0.26,4,1,89.7,0,26,0,0,0,0,0,3,2,0,0,0,home,SJ,,,,,,,,,,25ffa4eb
D. Romney,90,0,0,0,0,92.4,0,61,0,0,0,0,0,0,0,0,0,0,home,SJ,,,,,,,,,,25ffa4eb
C. Espinoza,90,0,0,0,0,76.7,0,46,6,15,8,0,0,0,0,0,0,0,home,SJ,,,,,,,,,,25ffa4eb
J. Skahan,17,0,0,0,0,75,1,3,1,0,1,0,0,0,0,0,0,0,home,SJ,,,,,,,,,,25ffa4eb
N. Tsakiris,17,1,0.06,1,1,82.3,1,14,0,0,0,0,0,0,0,0,0,0,home,SJ,,,,,,,,,,25ffa4eb
O. Bouda,73,0,0.29,5,3,87.9,0,29,2,0,2,0,0,0,1,0,0,0,home,SJ,,,,,,,,,,25ffa4eb
B. Kikanovic,90,0,0.08,1,0,90.4,0,47,0,0,0,0,0,1,1,0,0,0,home,SJ,,,,,,,,,,25ffa4eb
M. Kaye,0,0,0,0,0,0,0,0,0,0,0,0,0,0,0,0,0,0,home,SJ,,,,,,,,,,25ffa4eb
D. Munie,90,0,0.12,1,0,91.5,0,65,0,0,0,0,0,0,1,0,0,0,home,SJ,,,,,,,,,,25ffa4eb
I. Harkes,5,0,0,0,0,80,0,4,0,0,0,0,0,0,0,0,0,0,home,SJ,,,,,,,,,,25ffa4eb
V. Costa,5,0,0,0,0,100,0,7,0,0,0,0,0,0,0,0,0,0,home,SJ,,,,,,,,,,25ffa4eb
J. Ricketts,62,0,0.07,1,0,89.2,0,33,1,0,1,0,0,0,1,0,0,0,home,SJ,,,,,,,,,,25ffa4eb
B. Leroux,73,0,0.27,3,0,79.2,0,38,1,0,4,0,0,1,4,0,0,0,home,SJ,,,,,,,,,,25ffa4eb
F. Montali,0,0,0,0,0,0,0,0,0,0,0,0,0,0,0,0,0,0,home,SJ,,,,,,,,,,25ffa4eb
M. Floriani,0,0,0,0,0,0,0,0,0,0,0,0,0,0,0,0,0,0,home,SJ,,,,,,,,,,25ffa4eb
R. Vieira,90,0,0.05,1,1,88.9,0,48,0,0,0,0,0,3,0,0,0,0,home,SJ,,,,,,,,,,25ffa4eb
J. Gallagher,90,0,0,0,0,88.9,0,16,0,0,0,0,0,1,1,0,0,0,home,SJ,,,,,,,,,,25ffa4eb
J. Cascante,27,0,0,0,0,90.9,0,10,0,0,0,0,0,0,1,0,0,0,home,SJ,,,,,,,,,,25ffa4eb
Ž. Kolmanič,45,0,0,0,0,75,0,12,0,1,0,0,0,0,0,2,1,0,home,SJ,,,,,,,,,,25ffa4eb
D. Pereira,72,0,0,0,0,78.1,0,25,0,0,0,0,0,2,0,0,0,0,home,SJ,,,,,,,,,,25ffa4eb
O. Wolff,45,1,0.06,1,1,80,0,12,0,0,1,0,0,0,3,0,0,0,home,SJ,,,,,,,,,,25ffa4eb
B. Hines-Ike,63,0,0,0,0,88.9,0,8,0,0,0,0,0,0,0,0,0,0,home,SJ,,,,,,,,,,25ffa4eb
J. Obrian,90,0,0,0,0,88.9,1,8,0,0,1,0,0,1,0,1,0,0,home,SJ,,,,,,,,,,25ffa4eb
R. Taylor,90,0,0.12,1,1,52.6,0,10,0,0,0,0,0,0,0,0,0,0,home,SJ,,,,,,,,,,25ffa4eb
I. Sánchez,0,0,0,0,0,0,0,0,0,0,0,0,0,0,0,0,0,0,home,SJ,,,,,,,,,,25ffa4eb
S. Cleveland,0,0,0,0,0,0,0,0,0,0,0,0,0,0,0,0,0,0,home,SJ,,,,,,,,,,25ffa4eb
C. Fodrey,18,0,0.05,1,0,66.7,0,2,0,0,0,0,0,1,0,0,0,0,home,SJ,,,,,,,,,,25ffa4eb
G. Biro,90,0,0.06,1,0,72.4,0,21,0,0,0,0,0,3,0,0,1,0,home,SJ,,,,,,,,,,25ffa4eb
M. Desler,45,0,0,0,0,80,0,8,0,0,0,0,0,0,0,0,0,0,home,SJ,,,,,,,,,,25ffa4eb
O. Svatok,27,0,0,0,0,100,0,12,0,0,1,0,0,0,0,0,0,0,home,SJ,,,,,,,,,,25ffa4eb
B. Sabovic,45,0,0,0,0,91.7,0,11,0,0,0,0,0,1,0,0,0,0,home,SJ,,,,,,,,,,25ffa4eb
M. Uzuni,0,0,0,0,0,0,0,0,0,0,0,0,0,0,0,0,0,0,home,SJ,,,,,,,,,,25ffa4eb
N. Dubersarsky,90,0,0,0,0,83.3,0,30,0,0,1,0,0,3,1,0,1,0,home,SJ,,,,,,,,,,25ffa4eb
R. Thomas,0,0,0,0,0,0,0,0,0,0,0,0,0,0,0,0,0,0,home,SJ,,,,,,,,,,25ffa4eb
M. Djordjevic,63,0,0,0,0,84.6,0,11,0,0,0,0,0,0,1,0,0,0,home,SJ,,,,,,,,,,25ffa4eb
E. Edwards Jr.,90,0,,0,,66.7,0,0,,,,,,0,0,,0,0,home,SJ,1,1,0,16,0,10,0,0,0,25ffa4eb
B. Stuver,90,0,,0,,68.6,0,0,,,,,,0,0,,0,0,home,SJ,8,2,0,24,0,8,0,0,0,25ffa4eb
A. Sejdić,0,0,0,0,0,0,0,0,0,0,0,0,0,0,0,0,0,0,home,CLB,,,,,,,,,,9a2edb25
R. Camacho,0,0,0,0,0,0,0,0,0,0,0,0,0,0,0,0,0,0,home,CLB,,,,,,,,,,9a2edb25
L. Lappalainen,45,0,0.06,1,0,87,1,20,0,0,2,1,100,1,0,0,0,0,home,CLB,,,,,,,,,,9a2edb25
D. Jones,0,0,0,0,0,0,0,0,0,0,0,0,0,0,0,0,0,0,home,CLB,,,,,,,,,,9a2edb25
E. Bush,0,0,0,0,0,0,0,0,0,0,0,0,0,0,0,0,0,0,home,CLB,,,,,,,,,,9a2edb25
S. Moreira,89,0,0.06,1,0,78,0,32,0,0,0,1,33.33,2,0,0,0,0,home,CLB,,,,,,,,,,9a2edb25
D. Nagbe,90,0,0,0,0,93.4,0,57,0,0,0,0,0,1,1,0,0,0,home,CLB,,,,,,,,,,9a2edb25
S. Zawadzki,90,0,0,0,0,85.2,0,75,0,0,1,3,50,0,0,0,0,0,home,CLB,,,,,,,,,,9a2edb25
J. Russell-Rowe,61,0,0.36,2,1,73.3,0,11,1,0,3,0,0,0,0,1,0,0,home,CLB,,,,,,,,,,9a2edb25
M. Amundsen,90,0,0.07,2,0,86.4,0,57,0,0,0,3,50,1,2,0,0,0,home,CLB,,,,,,,,,,9a2edb25
D. Gazdag,45,1,0.47,3,3,94.1,0,16,0,0,0,1,100,0,4,0,0,0,home,CLB,,,,,,,,,,9a2edb25
T. Habroune,29,0,0,0,0,88.2,1,30,0,0,1,1,100,1,1,0,0,0,home,CLB,,,,,,,,,,9a2edb25
M. Arfsten,90,0,0,0,0,77.6,2,45,0,0,1,0,0,0,1,1,0,0,home,CLB,,,,,,,,,,9a2edb25
I. Aliyu,8,1,0.27,1,1,80,0,4,0,0,0,0,0,0,0,0,0,0,home,CLB,,,,,,,,,,9a2edb25
Y. Cheberko,0,0,0,0,0,0,0,0,0,0,0,0,0,0,0,0,0,0,home,CLB,,,,,,,,,,9a2edb25
D. Chambost,82,0,0,0,0,83.3,0,40,0,4,1,1,100,0,0,0,0,0,home,CLB,,,,,,,,,,9a2edb25
A. Herrera,90,1,0.4,2,1,79.3,0,23,0,0,1,2,100,1,1,0,0,0,home,CLB,,,,,,,,,,9a2edb25
C. Ruvalcaba,1,0,0,0,0,100,0,6,0,0,0,0,0,0,0,0,0,0,home,CLB,,,,,,,,,,9a2edb25
H. Picard,90,0,0.22,1,0,77.8,0,28,0,0,1,0,0,1,1,1,0,0,home,CLB,,,,,,,,,,9a2edb25
T. Parker,0,0,0,0,0,0,0,0,0,0,0,0,0,0,0,0,0,0,home,CLB,,,,,,,,,,9a2edb25
R. Edwards,59,0,0,0,0,73.5,0,25,0,0,1,0,0,0,0,0,0,0,home,CLB,,,,,,,,,,9a2edb25
C. Coronel,0,0,0,0,0,0,0,0,0,0,0,0,0,0,0,0,0,0,home,CLB,,,,,,,,,,9a2edb25
K. Duncan,16,0,0,0,0,92.3,0,12,0,0,0,0,0,1,0,0,0,0,home,CLB,,,,,,,,,,9a2edb25
D. Nealis,74,0,0,0,0,86.2,0,25,1,0,1,0,0,1,4,0,1,0,home,CLB,,,,,,,,,,9a2edb25
S. Nealis,90,0,0.02,1,0,93.3,0,56,0,0,0,4,80,1,0,0,0,0,home,CLB,,,,,,,,,,9a2edb25
W. Carmona,31,0,0,0,0,85.7,0,6,0,0,0,0,0,0,0,0,0,0,home,CLB,,,,,,,,,,9a2edb25
D. Edelman,90,0,0,0,0,76,0,38,0,0,0,3,100,1,0,0,1,0,home,CLB,,,,,,,,,,9a2edb25
S. Ngoma,31,0,0,0,0,33.3,0,1,0,0,0,0,0,3,0,0,0,0,home,CLB,,,,,,,,,,9a2edb25
P. Stroud,0,0,0,0,0,0,0,0,0,0,0,0,0,0,0,0,0,0,home,CLB,,,,,,,,,,9a2edb25
O. Valencia,74,0,0,0,0,88.9,0,16,0,1,1,1,50,0,2,1,0,0,home,CLB,,,,,,,,,,9a2edb25
R. Donkor,0,0,0,0,0,0,0,0,0,0,0,0,0,0,0,0,0,0,home,CLB,,,,,,,,,,9a2edb25
J. Hall,16,0,0.05,1,0,60,0,3,0,0,0,0,0,0,0,0,0,0,home,CLB,,,,,,,,,,9a2edb25
E. Forsberg,90,0,0.3,2,2,90.6,1,29,0,0,1,2,50,0,0,1,0,0,home,CLB,,,,,,,,,,9a2edb25
D. Gjengaar,59,0,0.07,1,0,83.3,0,10,0,0,1,0,0,1,0,0,0,0,home,CLB,,,,,,,,,,9a2edb25
E. Choupo-Moting,75,1,0.21,2,1,50,0,8,0,0,0,1,16.67,1,0,1,0,0,home,CLB,,,,,,,,,,9a2edb25
A. Hack,90,0,0.06,1,0,84.1,0,58,0,0,1,4,80,0,1,0,0,0,home,CLB,,,,,,,,,,9a2edb25
W. Bogacz,15,0,0,0,0,100,0,2,0,0,0,1,100,0,0,0,0,0,home,CLB,,,,,,,,,,9a2edb25
G. Berggren,90,0,0,0,0,78.1,1,25,0,0,1,0,0,2,0,0,0,0,home,CLB,,,,,,,,,,9a2edb25
P. Schulte,90,0,,0,,77.1,0,1,,,,,,0,0,,0,0,home,CLB,2,1,0,27,0,9,0,0,0,9a2edb25
J. McCarthy,90,0,,0,,44.8,0,1,,,,,,0,1,,0,0,home,CLB,3,3,0,13,0,13,0,0,0,9a2edb25
D. Ríos,13,0,0.03,1,0,100,0,1,0,0,0,0,0,0,0,0,0,0,home,VAN,,,,,,,,,,c2082132
R. Priso,77,0,0.1,1,0,89,0,65,0,0,0,0,0,0,0,0,0,0,home,VAN,,,,,,,,,,c2082132
J. Nelson,0,0,0,0,0,0,0,0,0,0,0,0,0,0,0,0,0,0,home,VAN,,,,,,,,,,c2082132
I. Boehmer,0,0,0,0,0,0,0,0,0,0,0,0,0,0,0,0,0,0,home,VAN,,,,,,,,,,c2082132
S. Berhalter,90,0,0.15,4,1,84.3,0,75,2,8,3,0,0,1,1,0,0,0,home,VAN,,,,,,,,,,c2082132
A. Cubas,90,0,0,0,0,96.4,0,80,0,0,1,0,0,2,0,0,0,0,home,VAN,,,,,,,,,,c2082132
R. Gauld,8,0,0,0,0,92.3,0,12,0,0,0,0,0,1,0,0,0,0,home,VAN,,,,,,,,,,c2082132
A. Ahmed,83,0,0.05,1,1,80,0,32,1,0,4,0,0,0,4,0,0,0,home,VAN,,,,,,,,,,c2082132
M. Laborda,11,0,0,0,0,100,0,4,0,0,0,0,0,1,0,0,0,1,home,VAN,,,,,,,,,,c2082132
J. Badwal,45,0,0.15,2,2,87.5,0,28,0,0,0,0,0,1,4,0,0,0,home,VAN,,,,,,,,,,c2082132
T. Johnson,82,0,0.1,1,0,83.3,0,35,0,0,0,0,0,1,2,0,0,0,home,VAN,,,,,,,,,,c2082132
B. Halbouni,90,0,0,0,0,96.5,0,56,1,0,1,0,0,0,0,0,0,0,home,VAN,,,,,,,,,,c2082132
R. Elloumi,17,0,0.36,2,0,50,0,3,0,0,0,0,0,0,0,0,0,0,home,VAN,,,,,,,,,,c2082132
G. Bovalina,0,0,0,0,0,0,0,0,0,0,0,0,0,0,0,0,0,0,home,VAN,,,,,,,,,,c2082132
É. Ocampo,45,0,0.1,1,0,81,0,17,0,0,0,0,0,1,0,0,1,0,home,VAN,,,,,,,,,,c2082132
E. Sabbi,73,0,0.22,1,0,90,0,18,0,0,0,0,0,3,1,0,0,0,home,VAN,,,,,,,,,,c2082132
T. Müller,90,1,0.83,3,3,86.4,0,57,1,0,2,0,0,0,2,0,0,0,home,VAN,,,,,,,,,,c2082132
K. Cabrera,7,0,0.04,1,0,90.9,0,10,1,0,0,0,0,0,0,0,0,0,home,VAN,,,,,,,,,,c2082132
J. Pupe,0,0,0,0,0,0,0,0,0,0,0,0,0,0,0,0,0,0,home,VAN,,,,,,,,,,c2082132
L. Abubakar,65,0,0,0,0,81.8,0,18,0,0,0,0,0,1,0,0,1,0,home,VAN,,,,,,,,,,c2082132
B. Kamungo,80,0,0.05,1,1,64.7,0,11,1,0,0,0,0,2,1,0,1,0,home,VAN,,,,,,,,,,c2082132
S. Lletget,0,0,0,0,0,0,0,0,0,0,0,0,0,0,0,0,0,0,home,VAN,,,,,,,,,,c2082132
P. Pomykal,10,0,0.14,1,1,100,0,2,0,0,0,0,0,0,1,0,0,0,home,VAN,,,,,,,,,,c2082132
S. Ibeagha,90,0,0,0,0,71.9,0,23,0,0,0,0,0,1,0,0,0,0,home,VAN,,,,,,,,,,c2082132
S. Moore,90,0,0,0,0,76,0,19,1,0,1,0,0,3,0,0,0,0,home,VAN,,,,,,,,,,c2082132
A. Julio,90,0,0.47,4,2,63.2,0,12,0,0,1,0,0,3,0,0,1,0,home,VAN,,,,,,,,,,c2082132
P. Martins,56,0,0.06,1,0,79,0,15,0,1,1,0,0,3,1,0,0,0,home,VAN,,,,,,,,,,c2082132
N. Norris,10,0,0,0,0,50,0,1,0,0,0,0,0,0,0,0,0,0,home,VAN,,,,,,,,,,c2082132
M. Paes,0,0,0,0,0,0,0,0,0,0,0,0,0,0,0,0,0,0,home,VAN,,,,,,,,,,c2082132
D. García,10,0,0,0,0,100,0,5,0,0,0,0,0,0,0,0,0,0,home,VAN,,,,,,,,,,c2082132
P. Delgado,34,0,0,0,0,85.7,1,6,1,1,1,0,0,0,0,0,0,0,home,VAN,,,,,,,,,,c2082132
E. Sali,0,0,0,0,0,0,0,0,0,0,0,0,0,0,0,0,0,0,home,VAN,,,,,,,,,,c2082132
J. Torquato,25,0,0,0,0,75,0,3,0,0,1,0,0,1,2,0,0,0,home,VAN,,,,,,,,,,c2082132
S. Sarver,80,0,0.09,2,1,69.2,1,9,0,0,1,0,0,0,2,1,0,0,home,VAN,,,,,,,,,,c2082132
O. Urhoghide,90,1,0.08,1,1,95.8,0,23,0,0,0,0,0,3,1,0,1,0,home,VAN,,,,,,,,,,c2082132
Á. Augusto,0,0,0,0,0,0,0,0,0,0,0,0,0,0,0,0,0,0,home,VAN,,,,,,,,,,c2082132
K. Ferreira,80,1,0.31,1,1,80,0,16,0,0,1,0,0,0,0,0,0,0,home,VAN,,,,,,,,,,c2082132
C. Cappis,90,0,0,0,0,73.2,0,30,1,4,1,0,0,0,2,0,0,0,home,VAN,,,,,,,,,,c2082132
Y. Takaoka,90,0,,0,,79.5,0,1,,,,,,0,1,,0,0,home,VAN,5,2,0,35,0,7,0,0,0,c2082132
M. Collodi,90,0,,0,,54.8,0,1,,,,,,0,1,,0,0,home,VAN,6,1,0,17,0,13,0,0,0,c2082132
C. Durkin,83,0,0,0,0,92.3,0,36,1,0,1,0,0,3,0,0,1,0,home,STL,,,,,,,,,,9ea2ad2c
D. Padelford,7,0,0,0,0,66.7,1,2,0,0,0,0,0,2,0,0,0,0,home,STL,,,,,,,,,,9ea2ad2c
A. Morales,7,0,0,0,0,100,0,7,0,0,1,0,0,0,1,0,0,0,home,STL,,,,,,,,,,9ea2ad2c
S. Becher,7,0,0,0,0,0,0,0,0,0,0,0,0,0,0,0,0,0,home,STL,,,,,,,,,,9ea2ad2c
J. Yaro,0,0,0,0,0,0,0,0,0,0,0,0,0,0,0,0,0,0,home,STL,,,,,,,,,,9ea2ad2c
M. Joyner,72,0,0.31,2,1,80.8,0,21,0,0,1,0,0,0,3,0,0,0,home,STL,,,,,,,,,,9ea2ad2c
K. Hiebert,90,0,0,0,0,97.9,0,46,0,0,0,0,0,0,0,0,0,0,home,STL,,,,,,,,,,9ea2ad2c
C. Pompeu,0,0,0,0,0,0,0,0,0,0,0,0,0,0,0,0,0,0,home,STL,,,,,,,,,,9ea2ad2c
J. Klauss,90,1,0.8,8,1,90.9,0,20,0,0,3,0,0,1,1,0,0,0,home,STL,,,,,,,,,,9ea2ad2c
E. Löwen,83,1,0.92,6,3,89.6,0,69,4,3,2,0,0,1,1,0,0,0,home,STL,,,,,,,,,,9ea2ad2c
B. Lundt,0,0,0,0,0,0,0,0,0,0,0,0,0,0,0,0,0,0,home,STL,,,,,,,,,,9ea2ad2c
T. Ostrak,18,0,0.05,1,0,100,0,7,0,0,0,0,0,1,0,0,1,0,home,STL,,,,,,,,,,9ea2ad2c
J. Sang-bin,65,0,0,0,0,76.9,0,20,0,0,2,0,0,1,1,0,0,0,home,STL,,,,,,,,,,9ea2ad2c
T. Totland,83,0,0.08,1,1,82.5,0,33,3,0,5,0,0,0,0,0,0,0,home,STL,,,,,,,,,,9ea2ad2c
B. McSorley,25,0,0.89,2,1,83.3,0,5,0,0,0,0,0,0,1,0,0,0,home,STL,,,,,,,,,,9ea2ad2c
M. Hartel,90,0,0.63,7,1,84.9,0,45,1,3,4,0,0,0,0,0,0,0,home,STL,,,,,,,,,,9ea2ad2c
T. Baumgartl,0,0,0,0,0,0,0,0,0,0,0,0,0,0,0,0,0,0,home,STL,,,,,,,,,,9ea2ad2c
C. Wallem,90,0,0,0,0,92.5,0,49,0,1,1,0,0,2,3,0,0,0,home,STL,,,,,,,,,,9ea2ad2c
F. Fall,90,0,0,0,0,91.7,1,44,0,0,1,0,0,2,1,0,1,0,home,STL,,,,,,,,,,9ea2ad2c
S. Junqua,90,0,0,0,0,75.9,0,22,0,0,1,0,0,2,1,0,0,0,home,STL,,,,,,,,,,9ea2ad2c
D. Yedlin,90,0,0,0,0,86.7,0,39,0,0,1,0,0,0,0,0,1,0,home,STL,,,,,,,,,,9ea2ad2c
M. Stajduhar,0,0,0,0,0,0,0,0,0,0,0,0,0,0,0,0,0,0,home,STL,,,,,,,,,,9ea2ad2c
J. Glad,90,0,0,0,0,89.4,0,42,0,0,0,0,0,1,0,0,1,0,home,STL,,,,,,,,,,9ea2ad2c
P. Ruiz,0,0,0,0,0,0,0,0,0,0,0,0,0,0,0,0,0,0,home,STL,,,,,,,,,,9ea2ad2c
D. Luna,65,0,0.1,2,0,87.1,0,27,0,2,1,0,0,0,1,0,1,0,home,STL,,,,,,,,,,9ea2ad2c
B. Ojeda,90,0,0.02,1,0,77.2,1,44,0,0,0,0,0,2,1,0,0,0,home,STL,,,,,,,,,,9ea2ad2c
W. Agada,7,0,0,0,0,100,0,3,0,0,0,0,0,0,1,1,0,0,home,STL,,,,,,,,,,9ea2ad2c
T. Wolff,0,0,0,0,0,0,0,0,0,0,0,0,0,0,0,0,0,0,home,STL,,,,,,,,,,9ea2ad2c
P. Quinton,3,0,0,0,0,100,0,1,0,0,0,0,0,0,0,0,0,0,home,STL,,,,,,,,,,9ea2ad2c
B. Vera,90,0,0,0,0,79.3,0,23,0,0,0,0,0,2,1,0,0,0,home,STL,,,,,,,,,,9ea2ad2c
N. Caliskan,82,0,0,0,0,95,0,38,0,0,0,0,0,1,0,0,0,0,home,STL,,,,,,,,,,9ea2ad2c
Z. Gozo,87,0,0,0,0,83.3,1,20,0,0,2,0,0,3,1,0,0,0,home,STL,,,,,,,,,,9ea2ad2c
E. Eneli,8,0,0.04,1,0,100,0,4,0,0,0,0,0,1,1,0,0,0,home,STL,,,,,,,,,,9ea2ad2c
M. Kerkvliet,0,0,0,0,0,0,0,0,0,0,0,0,0,0,0,0,0,0,home,STL,,,,,,,,,,9ea2ad2c
D. Gonçalves,90,0,0,0,0,97.7,1,42,0,1,1,0,0,0,2,0,0,0,home,STL,,,,,,,,,,9ea2ad2c
J. Barea,0,0,0,0,0,0,0,0,0,0,0,0,0,0,0,0,0,0,home,STL,,,,,,,,,,9ea2ad2c
R. Cruz,25,0,0.08,1,0,81.3,0,13,0,0,0,0,0,0,2,0,0,0,home,STL,,,,,,,,,,9ea2ad2c
V. Olatunji,83,2,0.53,3,3,77.8,0,14,0,0,0,0,0,1,2,1,0,0,home,STL,,,,,,,,,,9ea2ad2c
R. Bürki,90,0,,0,,93.8,0,0,,,,,,0,0,,0,0,home,STL,1,2,0,30,0,6,0,0,0,9ea2ad2c
R. Cabral,90,0,,0,,73.2,0,0,,,,,,0,0,,0,0,home,STL,6,2,0,30,0,15,0,0,0,9ea2ad2c
N. Cobb,0,0,0,0,0,0,0,0,0,0,0,0,0,0,0,0,0,0,home,COL,,,,,,,,,,1bcc81e5
K. Rosenberry,8,0,0,0,0,60,1,6,0,0,0,0,0,0,1,0,0,0,home,COL,,,,,,,,,,1bcc81e5
O. Larraz,27,0,0,0,0,90.5,1,19,1,0,3,0,0,0,0,0,0,0,home,COL,,,,,,,,,,1bcc81e5
D. Yapi,90,1,0.12,1,1,77.8,0,21,0,0,0,0,0,0,1,0,0,0,home,COL,,,,,,,,,,1bcc81e5
T. Ku-Dipietro,63,0,0,0,0,82.9,0,34,0,0,0,0,0,0,1,0,1,0,home,COL,,,,,,,,,,1bcc81e5
I. Murphy,0,0,0,0,0,0,0,0,0,0,0,0,0,0,0,0,0,0,home,COL,,,,,,,,,,1bcc81e5
P. Aaronson,90,1,0.11,2,1,89.7,0,26,0,0,0,0,0,1,3,0,1,0,home,COL,,,,,,,,,,1bcc81e5
J. Atencio,0,0,0,0,0,0,0,0,0,0,0,0,0,0,0,0,0,0,home,COL,,,,,,,,,,1bcc81e5
S. Vines,82,0,0,0,0,84.4,0,54,1,0,1,0,0,0,0,0,0,0,home,COL,,,,,,,,,,1bcc81e5
C. Bassett,90,0,0.24,1,0,93.1,0,54,1,1,1,0,0,0,1,0,0,0,home,COL,,,,,,,,,,1bcc81e5
R. Santos,8,0,0,0,0,66.7,0,2,0,2,1,0,0,0,0,0,0,0,home,COL,,,,,,,,,,1bcc81e5
A. Maxsø,90,0,0,0,0,92.5,0,49,0,0,0,0,0,0,0,0,0,0,home,COL,,,,,,,,,,1bcc81e5
C. Ronan,74,0,0,0,0,91.9,0,68,1,3,2,0,0,0,0,0,0,0,home,COL,,,,,,,,,,1bcc81e5
R. Holding,90,0,0.14,3,1,86.1,0,62,0,0,0,0,0,2,0,0,0,0,home,COL,,,,,,,,,,1bcc81e5
R. Navarro,90,0,0.62,5,0,80,0,12,0,0,0,0,0,1,3,3,0,0,home,COL,,,,,,,,,,1bcc81e5
R. Cannon,82,0,0,0,0,91.4,0,53,0,0,1,0,0,2,0,0,1,0,home,COL,,,,,,,,,,1bcc81e5
N. Hansen,0,0,0,0,0,0,0,0,0,0,0,0,0,0,0,0,0,0,home,COL,,,,,,,,,,1bcc81e5
A. Harris,0,0,0,0,0,0,0,0,0,0,0,0,0,0,0,0,0,0,home,COL,,,,,,,,,,1bcc81e5
A. Manyoma,16,0,0.02,1,0,77.8,0,7,0,0,0,0,0,0,0,0,0,0,home,COL,,,,,,,,,,1bcc81e5
M. Choinière,76,0,0.02,1,0,94.3,0,50,0,0,0,0,0,1,0,0,0,0,home,COL,,,,,,,,,,1bcc81e5
N. Tafari,90,0,0.41,1,0,84.4,0,38,0,0,0,0,0,3,0,1,1,0,home,COL,,,,,,,,,,1bcc81e5
M. Delgado,90,0,0.04,1,1,78.6,0,44,0,1,1,0,0,0,1,0,0,0,home,COL,,,,,,,,,,1bcc81e5
E. Segura,90,0,0.14,1,0,89.1,0,57,0,0,0,0,0,2,1,0,1,0,home,COL,,,,,,,,,,1bcc81e5
R. Hollingshead,85,0,0.41,2,1,80,0,32,0,0,2,0,0,0,0,0,0,0,home,COL,,,,,,,,,,1bcc81e5
N. Ordaz,2,0,0.02,1,0,85.7,0,6,0,0,0,0,0,0,0,0,0,0,home,COL,,,,,,,,,,1bcc81e5
D. Bouanga,88,0,0.79,6,4,78.3,1,18,0,0,2,0,0,0,1,0,0,0,home,COL,,,,,,,,,,1bcc81e5
F. Amaya,0,0,0,0,0,0,0,0,0,0,0,0,0,0,0,0,0,0,home,COL,,,,,,,,,,1bcc81e5
J. Ebobisse,14,0,0.05,1,1,83.3,0,5,0,0,0,0,0,1,2,0,0,0,home,COL,,,,,,,,,,1bcc81e5
T. Hasal,0,0,0,0,0,0,0,0,0,0,0,0,0,0,0,0,0,0,home,COL,,,,,,,,,,1bcc81e5
R. Raposo,0,0,0,0,0,0,0,0,0,0,0,0,0,0,0,0,0,0,home,COL,,,,,,,,,,1bcc81e5
S. Palencia,90,0,0,0,0,86,0,43,2,0,3,0,0,1,1,0,0,0,home,COL,,,,,,,,,,1bcc81e5
T. Tillman,76,0,0,0,0,87.5,0,28,0,0,0,0,0,1,0,0,0,0,home,COL,,,,,,,,,,1bcc81e5
D. Martínez,0,0,0,0,0,0,0,0,0,0,0,0,0,0,0,0,0,0,home,COL,,,,,,,,,,1bcc81e5
A. Smolyakov,5,0,0,0,0,100,0,3,0,0,0,0,0,1,0,0,0,0,home,COL,,,,,,,,,,1bcc81e5
S. Heung-Min,76,1,0.1,1,1,86.8,0,33,3,4,3,0,0,0,0,0,0,0,home,COL,,,,,,,,,,1bcc81e5
R. Porteous,90,0,0.07,1,0,90.2,0,46,0,0,0,0,0,1,0,0,1,0,home,COL,,,,,,,,,,1bcc81e5
A. Moran,14,1,0.14,1,1,85.7,0,12,0,0,1,0,0,0,0,0,0,0,home,COL,,,,,,,,,,1bcc81e5
J. Marques Siqueira,14,0,0,0,0,100,0,9,0,0,0,0,0,0,0,0,0,0,home,COL,,,,,,,,,,1bcc81e5
Z. Steffen,90,0,,0,,70,0,0,,,,,,0,0,,0,0,home,COL,7,2,0,21,0,8,0,0,0,1bcc81e5
H. Lloris,90,0,,0,,35,0,3,,,,,,0,0,,0,0,home,COL,1,2,0,7,0,6,0,0,0,1bcc81e5
M. Robinson,90,0,0.25,1,0,96.8,0,30,0,0,0,0,0,1,0,0,0,0,home,CIN,,,,,,,,,,8582be8b
K. Kamara,84,0,0.35,2,0,71.4,0,10,0,0,0,0,0,0,2,0,0,0,home,CIN,,,,,,,,,,8582be8b
A. Kann,0,0,0,0,0,0,0,0,0,0,0,0,0,0,0,0,0,0,home,CIN,,,,,,,,,,8582be8b
E. Louro,0,0,0,0,0,0,0,0,0,0,0,0,0,0,0,0,0,0,home,CIN,,,,,,,,,,8582be8b
A. Powell,90,0,0,0,0,76.9,0,20,0,0,0,0,0,0,0,0,0,0,home,CIN,,,,,,,,,,8582be8b
N. Hagglund,77,1,0.14,1,1,86.4,1,38,0,0,1,0,0,3,1,0,1,0,home,CIN,,,,,,,,,,8582be8b
O. Nwobodo,45,0,0,0,0,100,0,15,0,0,0,0,0,2,0,0,0,0,home,CIN,,,,,,,,,,8582be8b
Y. Kubo,45,0,0.11,1,1,87.5,0,7,0,0,0,0,0,2,0,0,0,0,home,CIN,,,,,,,,,,8582be8b
B. Souza,90,1,0.67,4,3,93.5,0,29,0,0,2,0,0,0,2,0,0,0,home,CIN,,,,,,,,,,8582be8b
T. Hadebe,45,0,0,0,0,94.1,0,16,0,0,0,0,0,1,0,0,0,0,home,CIN,,,,,,,,,,8582be8b
B. Anunga,13,0,0.26,1,1,91.7,0,11,0,0,0,0,0,0,0,0,0,0,home,CIN,,,,,,,,,,8582be8b
G. Valenzuela,6,0,0,0,0,83.3,1,5,0,0,3,0,0,0,0,0,0,0,home,CIN,,,,,,,,,,8582be8b
E. Da Silva Ferreira,90,1,0.13,2,1,81.8,1,36,3,5,4,0,0,0,1,0,0,0,home,CIN,,,,,,,,,,8582be8b
P. Bucha,90,0,0,0,0,95.1,0,39,0,0,1,0,0,0,2,0,0,0,home,CIN,,,,,,,,,,8582be8b
D. Marczuk,45,0,0,0,0,100,0,10,0,0,0,0,0,0,0,0,0,0,home,CIN,,,,,,,,,,8582be8b
G. Flores,45,0,0,0,0,80,0,8,0,0,0,0,0,0,0,0,0,0,home,CIN,,,,,,,,,,8582be8b
E. Echenique,0,0,0,0,0,0,0,0,0,0,0,0,0,0,0,0,0,0,home,CIN,,,,,,,,,,8582be8b
S. Gidi,45,0,0,0,0,94.4,0,17,0,0,0,0,0,1,1,0,1,0,home,CIN,,,,,,,,,,8582be8b
F. Herbers,58,0,0,0,0,81,0,17,0,0,0,0,0,0,2,0,0,0,home,CIN,,,,,,,,,,8582be8b
B. Duke,9,0,0,0,0,62.5,0,5,1,1,2,0,0,0,0,0,0,0,home,CIN,,,,,,,,,,8582be8b
J. Neal,45,0,0,0,0,89.7,0,26,0,0,0,0,0,2,0,0,0,0,home,CIN,,,,,,,,,,8582be8b
K. Opoku,12,0,0.07,1,0,60,0,3,1,0,0,0,0,0,0,0,0,0,home,CIN,,,,,,,,,,8582be8b
G. Vrioni,17,0,0,0,0,100,0,3,0,0,0,0,0,0,0,0,0,0,home,CIN,,,,,,,,,,8582be8b
B. Craig,90,0,0.02,1,1,86.4,0,51,0,5,0,0,0,1,0,0,0,0,home,CIN,,,,,,,,,,8582be8b
B. Hidalgo,90,0,0.04,1,0,91.5,0,43,0,0,0,0,0,1,1,0,0,0,home,CIN,,,,,,,,,,8582be8b
L. Petrasso,90,0,0,0,0,80,0,28,0,0,0,0,0,0,0,0,0,0,home,CIN,,,,,,,,,,8582be8b
J. Sirois,0,0,0,0,0,0,0,0,0,0,0,0,0,0,0,0,0,0,home,CIN,,,,,,,,,,8582be8b
D. Sealy,58,0,0,0,0,86.7,0,13,0,4,0,0,0,1,0,0,1,0,home,CIN,,,,,,,,,,8582be8b
O. Escobar,32,0,0.02,1,0,100,0,11,0,0,0,0,0,1,1,0,0,0,home,CIN,,,,,,,,,,8582be8b
F. Álvarez,45,0,0.06,1,0,94.4,0,17,0,0,1,0,0,1,0,0,0,0,home,CIN,,,,,,,,,,8582be8b
P. Owusu,73,0,0.87,2,0,66.7,0,10,0,0,0,0,0,1,3,1,0,0,home,CIN,,,,,,,,,,8582be8b
M. Longstaff,90,0,0,0,0,81.1,0,43,0,0,1,0,0,0,0,0,0,0,home,CIN,,,,,,,,,,8582be8b
H. Synchuk,81,0,0.02,1,0,76,0,19,0,2,0,0,0,0,1,0,0,0,home,CIN,,,,,,,,,,8582be8b
V. Loturi,90,0,0.1,1,1,91.4,0,32,0,0,0,0,0,1,0,0,1,0,home,CIN,,,,,,,,,,8582be8b
O. Graham-Roache,0,0,0,0,0,0,0,0,0,0,0,0,0,0,0,0,0,0,home,CIN,,,,,,,,,,8582be8b
A. Guboglo,0,0,0,0,0,0,0,0,0,0,0,0,0,0,0,0,0,0,home,CIN,,,,,,,,,,8582be8b
I. Jaime,20,0,0.05,1,1,71.4,0,5,0,0,1,0,0,0,2,0,0,0,home,CIN,,,,,,,,,,8582be8b
R. Celentano,90,0,,0,,90,0,2,,,,,,0,0,,0,0,home,CIN,3,0,0,27,0,7,0,0,0,8582be8b
T. Gillier,90,0,,0,,84.6,0,1,,,,,,0,0,,0,0,home,CIN,4,3,0,22,0,7,0,0,0,8582be8b
R. Hernández,90,0,0.02,1,0,87.5,0,49,0,0,0,0,0,1,2,0,0,0,home,ATL,,,,,,,,,,f44e7815
L. Brennan,74,0,0,0,0,80,0,12,1,0,1,0,0,2,1,0,0,0,home,ATL,,,,,,,,,,f44e7815
C. Sanchez,0,0,0,0,0,0,0,0,0,0,0,0,0,0,0,0,0,0,home,ATL,,,,,,,,,,f44e7815
S. Lobjanidze,16,0,0.15,2,2,50,0,6,1,1,2,0,0,0,0,0,0,0,home,ATL,,,,,,,,,,f44e7815
J. Thiaré,16,0,0.25,2,1,100,0,1,0,0,0,0,0,0,0,1,0,0,home,ATL,,,,,,,,,,f44e7815
M. Almirón,90,1,0.25,3,2,79.3,0,46,0,0,1,0,0,0,3,1,0,0,home,ATL,,,,,,,,,,f44e7815
B. Slisz,90,0,0.09,1,0,89.7,0,52,0,0,0,0,0,2,3,0,0,0,home,ATL,,,,,,,,,,f44e7815
J. Cohen,0,0,0,0,0,0,0,0,0,0,0,0,0,0,0,0,0,0,home,ATL,,,,,,,,,,f44e7815
J. Hibbert,0,0,0,0,0,0,0,0,0,0,0,0,0,0,0,0,0,0,home,ATL,,,,,,,,,,f44e7815
L. Afonso,0,0,0,0,0,0,0,0,0,0,0,0,0,0,0,0,0,0,home,ATL,,,,,,,,,,f44e7815
D. Chong Qui,0,0,0,0,0,0,0,0,0,0,0,0,0,0,0,0,0,0,home,ATL,,,,,,,,,,f44e7815
P. Amador,90,0,0,0,0,76.9,0,40,0,0,0,0,0,1,3,0,0,0,home,ATL,,,,,,,,,,f44e7815
A. Miranchuk,74,0,0,0,0,85.3,0,29,1,4,2,0,0,2,0,0,0,0,home,ATL,,,,,,,,,,f44e7815
C. Togashi,0,0,0,0,0,0,0,0,0,0,0,0,0,0,0,0,0,0,home,ATL,,,,,,,,,,f44e7815
E. Latte Lath,90,0,0.75,3,1,83.3,0,20,0,0,0,0,0,0,1,1,0,0,home,ATL,,,,,,,,,,f44e7815
E. Mihaj,90,0,0,0,0,87,0,40,0,0,0,0,0,2,1,0,0,0,home,ATL,,,,,,,,,,f44e7815
J. Berrocal,90,0,0,0,0,88.9,0,40,0,0,0,0,0,2,0,0,0,0,home,ATL,,,,,,,,,,f44e7815
S. Alzate,90,0,0.06,2,1,95.1,0,39,0,3,0,0,0,0,3,0,0,0,home,ATL,,,,,,,,,,f44e7815
J. Stroud,55,0,0.24,3,1,90.9,0,20,0,0,0,0,0,1,1,1,0,0,home,ATL,,,,,,,,,,f44e7815
R. Zouhir,0,0,0,0,0,0,0,0,0,0,0,0,0,0,0,0,0,0,home,ATL,,,,,,,,,,f44e7815
J. Hopkins,80,0,0,0,0,70.4,0,19,0,4,0,0,0,3,2,0,1,0,home,ATL,,,,,,,,,,f44e7815
C. Benteke,90,0,0.34,3,2,61.5,0,16,0,0,2,0,0,3,3,1,0,0,home,ATL,,,,,,,,,,f44e7815
D. Badji,0,0,0,0,0,0,0,0,0,0,0,0,0,0,0,0,0,0,home,ATL,,,,,,,,,,f44e7815
B. Servania,90,0,0.04,1,0,86.3,0,44,0,0,2,0,0,2,0,0,1,0,home,ATL,,,,,,,,,,f44e7815
C. Clark,55,0,0.07,1,0,64.7,0,11,0,0,0,0,0,1,0,0,1,0,home,ATL,,,,,,,,,,f44e7815
L. MacNaughton,90,0,0,0,0,90.8,0,59,0,0,1,0,0,2,0,0,1,0,home,ATL,,,,,,,,,,f44e7815
D. Dodson,0,0,0,0,0,0,0,0,0,0,0,0,0,0,0,0,0,0,home,ATL,,,,,,,,,,f44e7815
G. Pirani,35,1,0.07,1,1,87.5,0,7,0,0,1,0,0,2,0,0,0,0,home,ATL,,,,,,,,,,f44e7815
J. Murrell,22,0,0,0,0,57.1,0,4,0,0,0,0,0,0,0,0,0,0,home,ATL,,,,,,,,,,f44e7815
H. Kijima,0,0,0,0,0,0,0,0,0,0,0,0,0,0,0,0,0,0,home,ATL,,,,,,,,,,f44e7815
M. Peltola,90,0,0,0,0,87,0,40,0,0,0,0,0,1,1,0,0,0,home,ATL,,,,,,,,,,f44e7815
C. Antley,68,0,0,0,0,77.3,0,17,1,0,1,0,0,1,1,0,0,0,home,ATL,,,,,,,,,,f44e7815
D. Schnegg,90,0,0,0,0,64.1,0,25,0,0,0,0,0,0,2,0,0,0,home,ATL,,,,,,,,,,f44e7815
B. Enow,10,0,0,0,0,100,0,3,0,1,0,0,0,0,0,0,0,0,home,ATL,,,,,,,,,,f44e7815
J. Peglow,35,0,0.22,1,0,92.3,0,12,0,0,0,0,0,1,1,0,0,0,home,ATL,,,,,,,,,,f44e7815
K. Rowles,90,0,0,0,0,94.6,0,70,0,0,0,0,0,0,0,0,0,0,home,ATL,,,,,,,,,,f44e7815
K. Joon Hong,0,0,0,0,0,0,0,0,0,0,0,0,0,0,0,0,0,0,home,ATL,,,,,,,,,,f44e7815
B. Guzan,90,0,,0,,82.8,0,2,,,,,,0,0,,0,0,home,ATL,3,1,0,24,0,3,0,0,0,f44e7815
J. Farr,90,0,,0,,64.5,0,3,,,,,,0,1,,0,0,home,ATL,5,1,0,20,0,8,0,0,0,f44e7815
T. Romero,0,0,0,0,0,0,0,0,0,0,0,0,0,0,0,0,0,0,home,NYC,,,,,,,,,,143512e6
T. Martins,90,0,0.03,1,1,92.2,0,83,0,0,0,0,0,0,0,0,0,0,home,NYC,,,,,,,,,,143512e6
T. Gray,77,0,0.06,2,0,84.8,0,39,1,0,1,0,0,1,1,0,0,0,home,NYC,,,,,,,,,,143512e6
M. Moralez,61,0,0.05,1,0,82.8,0,24,1,3,1,0,0,1,1,0,0,0,home,NYC,,,,,,,,,,143512e6
J. Haak,90,0,0.09,1,1,86,0,43,0,0,0,0,0,3,0,0,1,0,home,NYC,,,,,,,,,,143512e6
K. O'Toole,90,0,0.03,1,1,71.7,0,33,0,0,1,0,0,1,1,0,1,0,home,NYC,,,,,,,,,,143512e6
A. Perea,77,0,0.1,2,0,86,0,37,0,0,1,0,0,1,0,0,0,0,home,NYC,,,,,,,,,,143512e6
J. Shore,28,0,0,0,0,66.7,0,8,0,0,0,0,0,1,0,0,0,0,home,NYC,,,,,,,,,,143512e6
M. Carrizo,13,0,0,0,0,100,1,2,0,0,0,0,0,1,0,0,0,0,home,NYC,,,,,,,,,,143512e6
M. Ilenic,13,0,0,0,0,88.9,0,8,0,0,0,0,0,1,0,0,0,0,home,NYC,,,,,,,,,,143512e6
J. Fernández,29,0,0,0,0,76.2,1,16,1,3,4,0,0,2,3,0,0,0,home,NYC,,,,,,,,,,143512e6
A. Martínez,90,0,0.37,4,0,66.7,0,6,0,0,1,0,0,0,0,1,0,0,home,NYC,,,,,,,,,,143512e6
H. Wolf,62,0,0.11,2,0,75,0,15,0,0,1,0,0,1,0,0,0,0,home,NYC,,,,,,,,,,143512e6
S. Tanasijević,0,0,0,0,0,0,0,0,0,0,0,0,0,0,0,0,0,0,home,NYC,,,,,,,,,,143512e6
A. Ojeda,28,0,0,0,0,82.3,0,14,1,1,1,0,0,0,0,0,0,0,home,NYC,,,,,,,,,,143512e6
S. Reid,0,0,0,0,0,0,0,0,0,0,0,0,0,0,0,0,0,0,home,NYC,,,,,,,,,,143512e6
A. O'Neill,0,0,0,0,0,0,0,0,0,0,0,0,0,0,0,0,0,0,home,NYC,,,,,,,,,,143512e6
N. Fernández,90,1,0.21,2,2,91.9,0,34,1,2,4,0,0,6,0,0,0,0,home,NYC,,,,,,,,,,143512e6
R. Gustavo,62,0,0,0,0,86.2,0,50,0,0,0,0,0,0,0,0,0,0,home,NYC,,,,,,,,,,143512e6
J. Ferreira,84,0,0.34,3,1,81.5,0,22,0,1,1,0,0,0,0,0,0,0,home,NYC,,,,,,,,,,143512e6
J. Bell,35,0,0,0,0,87.5,0,14,0,0,0,0,0,0,0,0,0,0,home,NYC,,,,,,,,,,143512e6
D. Musovski,6,0,0,0,0,100,0,2,0,0,0,0,0,0,0,0,0,0,home,NYC,,,,,,,,,,143512e6
A. Thomas,0,0,0,0,0,0,0,0,0,0,0,0,0,0,0,0,0,0,home,NYC,,,,,,,,,,143512e6
N. Tolo,90,0,0,0,0,88.9,0,40,0,0,0,0,0,1,3,2,0,0,home,NYC,,,,,,,,,,143512e6
J. Ragen,90,1,0.22,1,1,91.9,0,57,0,0,0,0,0,1,1,0,0,0,home,NYC,,,,,,,,,,143512e6
J. Mior,55,0,0,0,0,92.1,0,35,0,0,0,0,0,0,3,0,0,0,home,NYC,,,,,,,,,,143512e6
A. Rusnák,90,0,0.16,1,0,77.4,1,41,1,4,3,0,0,1,0,0,1,0,home,NYC,,,,,,,,,,143512e6
Á. Roldán,55,0,0,0,0,89.1,0,41,0,0,0,0,0,0,1,0,0,0,home,NYC,,,,,,,,,,143512e6
R. Baker-Whiting,6,0,0,0,0,100,0,1,0,0,0,0,0,0,0,1,0,0,home,NYC,,,,,,,,,,143512e6
D. Leyva,90,0,0.03,1,0,87.5,1,77,1,1,2,0,0,0,5,0,0,0,home,NYC,,,,,,,,,,143512e6
J. Morris,84,1,0.08,1,1,81.8,0,18,0,0,1,0,0,1,0,1,0,0,home,NYC,,,,,,,,,,143512e6
P. Rothrock,66,0,0,0,0,85.7,0,18,0,0,0,0,0,1,2,0,0,0,home,NYC,,,,,,,,,,143512e6
S. Hawkins,0,0,0,0,0,0,0,0,0,0,0,0,0,0,0,0,0,0,home,NYC,,,,,,,,,,143512e6
S. Brunell,35,0,0,0,0,81,0,17,0,0,0,0,0,0,1,0,0,0,home,NYC,,,,,,,,,,143512e6
P. de la Vega,24,0,0,0,0,100,0,6,0,0,0,0,0,0,1,0,0,0,home,NYC,,,,,,,,,,143512e6
K. Kossa-Rienzi,90,0,0.05,1,1,85.4,0,35,0,0,0,0,0,1,1,0,0,0,home,NYC,,,,,,,,,,143512e6
P. Kingston,0,0,0,0,0,0,0,0,0,0,0,0,0,0,0,0,0,0,home,NYC,,,,,,,,,,143512e6
O. De Rosario,0,0,0,0,0,0,0,0,0,0,0,0,0,0,0,0,0,0,home,NYC,,,,,,,,,,143512e6
M. Freese,90,0,,0,,87.5,0,0,,,,,,0,0,,1,0,home,NYC,2,2,0,14,0,3,0,0,0,143512e6
S. Frei,90,0,,0,,50,0,0,,,,,,0,0,,0,0,home,NYC,4,1,0,15,0,10,0,0,0,143512e6
